"Player Position X {0.100}","Player Position Y {0.100}","Player Position Z {0.100}","Head Rotation X {0.100}","Head Rotation Y {0.100}","Head Rotation Z {0.100}","Player Height {0.100}","Object Viewed by Player {0.100}","Simulation Timings {0.200}"
3.281,0.000,2.922,31.499,34.236,1.985,1.451,"Wall_south_307 from [156.96] to [157.91]","Begining : [157.0]"
3.293,0.000,3.031,31.213,36.077,0.530,1.452,"Ground_307 from [157.91] to [160.35]",
3.315,0.000,3.155,32.158,39.240,359.786,1.450,"Duvet01_307 from [160.35] to [160.57]",
3.348,0.000,3.295,35.212,43.128,359.224,1.444,"Plaid_307 from [160.57] to [160.91]",
3.393,0.000,3.439,38.916,47.485,358.326,1.436,"Duvet03_307 from [160.91] to [161.02]",
3.446,0.000,3.564,40.435,53.447,359.432,1.433,"Duvet01_307 from [161.02] to [161.13]",
3.498,0.000,3.662,40.682,57.546,359.454,1.432,"Duvet02_307 from [161.13] to [161.46]",
3.574,0.000,3.781,40.889,62.817,0.681,1.432,"Cushion_west_307 from [161.46] to [161.57]",
3.639,0.000,3.869,40.696,65.929,0.935,1.432,"Wall_north_307 from [161.57] to [162.02]",
3.720,0.000,3.960,39.837,70.301,1.542,1.434,"Wall_window_307 from [162.02] to [162.13]",
3.822,0.000,4.046,38.331,75.186,2.559,1.437,"Big Window from [162.13] to [162.57]",
3.885,0.000,4.092,35.465,79.823,2.925,1.443,"Wall_window_307 from [162.57] to [162.80]",
3.885,0.000,4.092,33.012,82.841,2.817,1.448,"Ceiling_307 from [162.80] to [163.84]",
3.885,0.000,4.092,31.891,84.003,2.826,1.450,"Wall_door_bathroom_307 from [163.84] to [164.08]",
3.885,0.000,4.092,33.133,83.687,2.779,1.448,"SmokePlane (26) from [164.08] to [165.00]",
3.885,0.000,4.092,34.437,81.505,2.018,1.445,"Door_307 from [165.00] to [166.27]",
3.885,0.000,4.092,36.193,78.935,0.123,1.442,"SmokePlane (26) from [166.27] to [166.83]",
3.885,0.000,4.092,36.871,78.173,359.404,1.441,"Door_307 from [166.83] to [167.05]",
3.885,0.000,4.092,36.703,78.306,0.052,1.441,"Closet_door_right_307 from [167.05] to [167.16]",
3.885,0.000,4.092,36.955,78.174,0.050,1.440,"Closet_door_left_307 from [167.16] to [167.27]",
3.885,0.000,4.092,37.218,78.794,0.292,1.439,"Closet_307 from [167.27] to [167.38]",
3.885,0.000,4.092,38.382,79.249,0.386,1.437,"Mircrowave_307 from [167.38] to [168.61]",
3.885,0.000,4.092,41.125,79.702,1.529,1.432,"XR Origin from [168.61] to [168.72]",
3.885,0.000,4.092,43.643,80.273,1.523,1.426,"RightHand Controller from [168.72] to [169.83]",
3.885,0.000,4.092,43.379,80.160,0.854,1.427,"Mircrowave_307 from [169.83] to [170.05]",
3.885,0.000,4.092,43.498,80.068,1.014,1.426,"Closet_307 from [170.05] to [170.16]",
3.885,0.000,4.092,43.724,80.505,1.017,1.425,"Closet_door_left_307 from [170.16] to [170.27]",
3.885,0.000,4.092,43.670,81.802,0.719,1.426,"Closet_door_right_307 from [170.27] to [170.38]",
3.885,0.000,4.092,42.049,87.208,359.850,1.430,"SmokePlane (5) from [170.38] to [174.27]",
3.885,0.000,4.092,39.442,99.750,0.175,1.435,"NPC Evacuation Trigger from [174.27] to [174.94]",
3.885,0.000,4.092,37.572,114.258,0.429,1.436,"TriggerZone HelpingChoice from [174.94] to [175.16]",
3.885,0.000,4.092,36.819,126.327,1.159,1.436,"SmokePlane (15) from [175.16] to [175.49]",
3.885,0.000,4.092,35.611,136.733,1.974,1.440,"Wall_door_308 from [175.49] to [175.60]",
3.885,0.000,4.092,32.475,147.667,2.042,1.447,"SmokePlane (5) from [175.60] to [179.38]",
3.885,0.000,4.092,29.883,156.643,1.696,1.456,"SmokePlane (6) from [179.38] to [183.84]",
3.885,0.000,4.092,29.007,163.374,359.507,1.456,"SmokePlane (15) from [183.84] to [186.62]",
3.885,0.000,4.092,30.556,170.108,358.363,1.455,"SmokePlane (5) from [186.62] to [188.84]",
3.885,0.000,4.092,28.163,173.180,359.674,1.459,"SmokePlane (15) from [188.84] to [188.95]",
3.885,0.000,4.092,25.636,169.292,0.254,1.464,"Wall_door_308 from [188.95] to [189.28]",
3.885,0.000,4.092,22.199,165.884,2.082,1.473,"SmokePlane (17) from [189.28] to [190.51]",
3.885,0.000,4.092,12.366,159.530,3.745,1.488,"SmokePlane (28) from [190.51] to [190.73]",
3.885,0.000,4.092,7.949,151.287,4.720,1.495,"SmokePlane (17) from [190.73] to [190.95]",
3.885,0.000,4.092,4.692,144.940,5.573,1.500,"Corridor_floor_east_west from [190.95] to [191.95]",
3.885,0.000,4.092,0.429,138.216,8.078,1.508,"Corridor_floor_marble_02 from [191.95] to [192.28]",
3.885,0.000,4.092,358.923,131.955,9.381,1.511,"Corridor_floor_east_west from [192.28] to [192.50]",
3.885,0.000,4.092,0.536,126.729,10.331,1.509,"Wall_door_309 from [192.50] to [192.73]",
3.885,0.000,4.092,2.948,121.876,10.097,1.505,"Corridor_floor_east_west from [192.73] to [192.84]",
3.885,0.000,4.092,2.386,118.374,9.471,1.506,"Corridor_floor_marble_02 from [192.84] to [193.61]",
3.885,0.000,4.092,1.796,116.328,9.647,1.506,"Corridor_floor_east_west from [193.61] to [193.73]",
3.885,0.000,4.092,0.958,114.857,9.500,1.508,"Door_309 from [193.73] to [196.50]",
3.885,0.000,4.092,358.396,115.731,9.379,1.513,"FancyChair_leg_309.02_collider from [196.50] to [196.61]",
3.885,0.000,4.092,352.256,120.885,10.479,1.525,"Wall_window_309 from [196.61] to [197.06]",
3.885,0.000,4.092,344.401,128.035,10.520,1.537,"Ground_309 from [197.06] to [197.17]",
3.885,0.000,4.092,336.607,134.760,11.075,1.547,"Wall_window_309 from [197.17] to [198.84]",
3.885,0.000,4.092,332.394,141.886,13.633,1.551,"Duvet01_309 from [198.84] to [199.06]",
3.885,0.000,4.092,327.018,153.504,11.316,1.557,"Ground_309 from [199.06] to [199.17]",
3.885,0.000,4.092,325.386,159.127,14.428,1.556,"Countertop_309 from [199.17] to [200.28]",
3.885,0.000,4.092,323.897,170.270,13.444,1.557,"Wall_bathroom_309 from [200.28] to [201.17]",
3.885,0.000,4.092,322.763,186.156,9.469,1.559,"Closet_door_right_309 from [201.17] to [201.40]",
3.885,0.000,4.092,321.864,204.566,6.327,1.560,"Wall_bathroom_309 from [201.40] to [202.05]",
3.885,0.000,4.092,322.834,216.521,8.220,1.559,"Countertop_309 from [202.05] to [202.83]",
3.885,0.000,4.092,323.776,232.260,5.275,1.557,"Ground_309 from [202.83] to [203.72]",
3.885,0.000,4.092,321.564,243.399,5.782,1.558,"Countertop_309 from [203.72] to [204.16]",
3.885,0.000,4.092,322.509,251.868,4.931,1.552,"Cupboard_309 from [204.16] to [204.39]",
3.885,0.000,4.092,325.361,259.387,1.938,1.555,"Door_309 from [204.39] to [205.50]",
3.885,0.000,4.092,328.551,271.232,1.394,1.553,"Wall_south_309 from [205.50] to [205.61]",
3.885,0.000,4.092,332.136,281.120,1.385,1.552,"Door_frame_right_309 from [205.61] to [205.72]",
3.885,0.000,4.092,337.373,283.205,2.571,1.548,"Wall_north_308 from [205.72] to [206.51]",
3.885,0.000,4.092,345.701,282.239,2.501,1.538,"SmokePlane (29) from [206.51] to [207.72]",
3.885,0.000,4.092,355.477,281.305,1.886,1.523,"SmokePlane (14) from [207.72] to [208.61]",
3.885,0.000,4.092,4.873,278.625,359.921,1.503,"SmokePlane (15) from [208.61] to [208.94]",
3.895,0.000,4.093,11.717,275.286,357.576,1.496,"SmokePlane (24) from [208.94] to [209.50]",
3.950,0.000,4.095,16.455,272.408,355.582,1.487,"SmokePlane (23) from [209.50] to [210.16]",
3.976,0.000,4.097,18.741,272.268,355.362,1.483,"SmokePlane (4) from [210.16] to [214.94]",
3.976,0.000,4.097,18.768,272.943,355.661,1.483,"Wall_door_307 from [214.94] to [215.38]",
3.970,0.000,4.100,20.637,273.137,355.677,1.478,"SmokePlane (23) from [215.38] to [215.71]",
3.943,0.000,4.110,21.837,273.093,356.097,1.476,"SmokePlane (18) from [215.71] to [219.82]",
3.886,0.000,4.127,23.363,272.307,356.035,1.473,"SmokePlane (33) from [219.82] to [222.16]",
3.801,0.000,4.145,23.795,271.708,356.324,1.472,"SmokePlane (19) from [222.16] to [223.71]",
3.710,0.000,4.162,23.707,271.501,356.616,1.472,"Corridor_wall_west from [223.71] to [232.37]",
3.631,0.000,4.174,23.642,271.416,356.766,1.473,"Wall_north_307 from [232.37] to [232.71]",
3.540,0.000,4.181,23.464,271.048,357.074,1.473,"SmokePlane (20) from [232.71] to [234.37]",
3.442,0.000,4.182,23.622,270.240,357.202,1.472,"Emergency_door_north_door_left from [234.37] to [236.48]",
3.344,0.000,4.176,23.706,269.258,357.246,1.472,"SmokePlane (20) from [236.48] to [239.30]",
3.244,0.000,4.168,23.651,268.217,357.157,1.472,"SmokePlane (31) from [239.30] to [239.53]",
3.143,0.000,4.157,23.877,267.060,356.832,1.472,"NPC Hurt Kate from [239.53] to [239.64]",
3.042,0.000,4.145,23.573,265.086,356.773,1.472,"SmokePlane (20) from [239.64] to [239.86]",
2.937,0.000,4.127,23.571,262.209,356.917,1.472,"Emergency_door_north_door_left from [239.86] to [239.97]",
2.842,0.000,4.107,23.864,259.135,357.300,1.471,"SmokePlane (31) from [239.97] to [242.31]",
2.746,0.000,4.079,25.022,253.789,357.988,1.469,"SmokePlane (20) from [242.31] to [242.86]",
2.653,0.000,4.039,27.507,245.690,358.841,1.463,"NPC Hurt Kate from [242.86] to [243.75]",
2.568,0.000,3.985,31.734,236.385,359.810,1.454,"SmokePlane (20) from [243.75] to [244.42]",
2.506,0.000,3.944,35.841,228.646,358.662,1.445,,
2.506,0.000,3.944,38.699,226.670,358.631,1.439,,
2.506,0.000,3.944,40.771,227.566,359.733,1.434,,
2.506,0.000,3.944,41.533,227.311,359.738,1.432,,
2.506,0.000,3.944,41.896,226.754,359.640,1.431,,
2.506,0.000,3.944,42.171,226.781,359.616,1.431,,
2.506,0.000,3.944,42.268,227.238,359.742,1.430,,
2.506,0.000,3.944,42.924,228.183,0.074,1.429,,
2.506,0.000,3.944,43.317,228.982,0.405,1.429,,
2.506,0.000,3.944,44.202,229.142,1.009,1.427,,
2.506,0.000,3.944,44.204,228.313,1.211,1.427,,
2.506,0.000,4.043,43.587,227.352,1.638,1.428,,
2.506,0.000,4.043,43.335,226.660,2.371,1.428,,
2.506,0.000,4.043,43.624,226.461,3.221,1.426,,
2.506,0.000,4.043,43.814,226.069,3.939,1.424,,
2.506,0.000,4.043,43.431,225.110,4.277,1.426,,
2.506,0.000,4.043,42.364,224.383,3.817,1.429,,
2.506,0.000,4.043,42.172,224.270,3.542,1.430,,
2.506,0.000,4.043,41.502,224.168,3.554,1.431,,
2.506,0.000,4.043,41.673,223.421,2.918,1.430,,
2.506,0.000,4.043,41.764,223.893,2.878,1.431,,
2.506,0.000,4.043,41.320,225.062,3.094,1.432,,
2.506,0.000,4.043,40.936,225.599,2.945,1.433,,
2.506,0.000,4.043,40.227,227.305,2.295,1.435,,
2.506,0.000,4.043,37.930,234.509,1.647,1.442,,
2.506,0.000,4.043,34.151,244.586,359.489,1.449,,
2.434,0.000,4.107,31.630,254.523,358.540,1.455,,
2.373,0.000,4.169,30.304,261.400,359.661,1.458,,
2.296,0.000,4.204,31.197,262.179,0.587,1.456,,
2.198,0.000,4.214,31.405,259.983,1.077,1.456,,
2.088,0.000,4.186,31.697,257.713,1.262,1.455,,
1.974,0.000,4.141,32.348,256.803,1.280,1.454,,
1.855,0.000,4.084,32.971,256.954,1.139,1.452,,
1.735,0.000,4.026,34.136,258.378,0.821,1.449,,
1.735,0.000,4.026,35.287,260.786,1.125,1.446,,
1.735,0.000,4.026,35.824,262.824,1.544,1.445,,
1.735,0.000,4.026,35.498,263.511,1.474,1.446,,
1.735,0.000,4.026,34.608,263.511,1.358,1.447,,
1.735,0.000,4.026,33.083,263.334,1.041,1.450,,
1.735,0.000,4.026,30.047,262.409,0.402,1.444,,
1.735,0.000,4.026,29.297,261.250,359.850,1.421,,
1.735,0.000,4.026,30.984,261.117,0.018,1.397,,
1.735,0.000,4.026,32.194,260.817,0.621,1.389,,
1.735,0.000,4.026,32.928,260.117,1.267,1.394,,
1.735,0.000,4.026,31.722,259.010,0.941,1.412,,
1.735,0.000,4.026,30.508,256.496,2.456,1.431,,
1.735,0.000,4.026,29.254,252.134,4.659,1.443,,
1.735,0.000,4.026,30.059,248.898,5.509,1.450,,
1.735,0.000,4.026,30.672,250.168,4.473,1.454,,
1.735,0.000,4.026,30.652,254.559,1.605,1.452,,
1.735,0.000,4.026,30.205,261.571,359.009,1.455,,
1.735,0.000,4.026,31.827,267.768,0.566,1.461,,
1.735,0.000,4.026,31.378,273.982,1.149,1.464,,
1.735,0.000,4.026,29.872,279.603,2.360,1.465,,
1.735,0.000,4.026,27.821,282.680,2.476,1.471,,
1.735,0.000,4.026,27.469,283.997,2.076,1.471,,
1.735,0.000,4.026,26.070,284.650,2.603,1.474,,
1.729,0.000,4.035,23.224,282.101,2.420,1.481,,
1.699,0.000,4.055,19.659,278.730,2.153,1.488,,
1.638,0.000,4.072,14.957,275.520,1.357,1.496,,
1.552,0.000,4.080,9.218,272.105,0.821,1.506,,
1.466,0.000,4.080,4.592,268.536,0.840,1.513,,
1.363,0.000,4.073,2.243,265.401,0.736,1.516,,
1.258,0.000,4.062,1.442,263.791,0.475,1.517,,
1.147,0.000,4.048,1.545,263.747,0.629,1.516,,
1.040,0.000,4.033,1.731,263.578,1.408,1.515,,
0.922,0.000,4.016,2.195,262.156,3.111,1.514,,
0.815,0.000,3.984,2.988,259.432,5.582,1.513,,
0.693,0.000,3.928,3.507,257.160,6.857,1.511,,
0.593,0.000,3.862,3.513,257.075,7.664,1.511,,
0.490,0.000,3.768,3.332,259.838,7.978,1.511,,
0.394,0.000,3.678,3.666,264.488,7.795,1.510,,
0.286,0.000,3.586,4.698,270.420,6.982,1.509,,
0.164,0.000,3.507,5.092,278.249,5.756,1.508,,
0.037,0.000,3.452,4.562,288.933,4.700,1.509,,
-0.101,0.000,3.425,3.280,300.828,3.786,1.511,,
-0.214,0.000,3.469,1.909,312.586,2.226,1.514,,
-0.235,0.000,3.482,1.910,321.317,0.798,1.513,,
-0.235,0.000,3.482,3.003,324.696,1.047,1.510,,
-0.235,0.000,3.482,3.592,323.949,1.577,1.509,,
-0.235,0.000,3.482,4.421,322.218,2.172,1.508,,
-0.235,0.000,3.482,4.897,319.782,2.715,1.507,,
-0.235,0.000,3.482,5.483,315.873,3.763,1.506,,
-0.235,0.000,3.482,6.939,310.810,5.246,1.504,,
-0.235,0.000,3.482,7.555,305.663,6.861,1.503,,
-0.235,0.000,3.482,7.377,301.306,10.044,1.503,,
-0.235,0.000,3.482,7.293,298.619,12.350,1.502,,
-0.235,0.000,3.482,7.287,298.298,13.889,1.500,,
-0.235,0.000,3.482,7.049,299.195,14.513,1.500,,
-0.235,0.000,3.482,6.419,300.821,14.248,1.501,,
-0.235,0.000,3.482,5.492,305.297,12.303,1.504,,
-0.235,0.000,3.482,4.324,313.916,8.936,1.507,,
-0.235,0.000,3.482,3.284,325.506,4.135,1.510,,
-0.235,0.000,3.482,2.616,339.128,359.638,1.511,,
-0.235,0.000,3.482,2.745,347.562,357.405,1.510,,
-0.235,0.000,3.482,3.277,351.411,356.579,1.509,,
-0.235,0.000,3.482,3.341,353.580,355.940,1.508,,
-0.235,0.000,3.482,3.253,355.404,356.128,1.508,,
-0.235,0.000,3.482,3.153,356.495,356.042,1.508,,
-0.235,0.000,3.482,3.332,357.070,356.100,1.508,,
-0.235,0.000,3.482,3.327,357.030,355.968,1.508,,
-0.235,0.000,3.482,3.251,356.379,356.127,1.508,,
-0.235,0.000,3.482,3.212,356.208,356.233,1.508,,
-0.235,0.000,3.482,3.271,355.653,356.072,1.508,,
-0.220,0.000,3.498,3.490,354.874,355.836,1.508,,
-0.160,0.000,3.558,3.711,354.478,355.800,1.507,,
-0.044,0.000,3.606,4.197,353.104,355.815,1.506,,
0.074,0.000,3.648,5.135,348.369,356.082,1.505,,
0.181,0.000,3.722,6.153,344.495,356.097,1.503,,
0.265,0.000,3.806,7.652,339.831,355.902,1.501,,
0.335,0.000,3.906,9.553,333.801,356.614,1.498,,
0.376,0.000,4.016,10.656,326.993,357.449,1.496,,
0.400,0.000,4.136,11.108,323.212,357.678,1.494,,
0.411,0.000,4.253,10.699,323.671,357.787,1.495,,
0.426,0.000,4.378,9.338,327.687,357.302,1.497,,
0.451,0.000,4.500,7.463,333.484,356.912,1.500,,
0.485,0.000,4.615,5.489,337.908,356.663,1.503,,
0.485,0.000,4.615,3.711,341.664,356.744,1.506,,
0.485,0.000,4.615,3.507,342.181,357.113,1.506,,
0.485,0.000,4.615,3.426,341.732,357.386,1.506,,
0.485,0.000,4.615,3.189,341.668,357.369,1.506,,
0.485,0.000,4.615,3.124,341.911,357.489,1.506,,
0.485,0.000,4.615,2.990,342.064,357.413,1.506,,
0.485,0.000,4.615,3.193,341.940,357.479,1.506,,
0.485,0.000,4.615,3.278,341.663,357.709,1.505,,
0.485,0.000,4.615,3.298,341.560,357.748,1.505,,
0.485,0.000,4.615,3.333,341.488,357.573,1.505,,
0.485,0.000,4.615,3.557,341.351,357.671,1.505,,
0.485,0.000,4.615,3.590,341.349,357.694,1.504,,
0.485,0.000,4.615,3.730,341.398,357.657,1.504,,
0.485,0.000,4.615,3.902,341.354,357.650,1.504,,
0.485,0.000,4.615,3.981,341.412,357.611,1.503,,
0.485,0.000,4.615,4.062,341.578,357.518,1.503,,
0.485,0.000,4.615,4.211,341.648,357.410,1.503,,
0.485,0.000,4.615,4.197,341.820,357.368,1.503,,
0.485,0.000,4.615,4.248,342.147,357.376,1.502,,
0.485,0.000,4.615,4.286,342.875,357.411,1.502,,
0.485,0.000,4.615,5.116,343.906,357.554,1.500,,
0.485,0.000,4.615,6.428,344.204,358.038,1.498,,
0.485,0.000,4.615,6.035,345.205,358.509,1.498,,
0.485,0.000,4.615,5.572,346.174,358.913,1.499,,
0.485,0.000,4.615,5.400,346.319,359.390,1.499,,
0.485,0.000,4.615,5.285,346.058,359.628,1.499,,
0.485,0.000,4.615,5.111,345.956,359.705,1.500,,
0.485,0.000,4.615,5.300,344.359,0.423,1.500,,
0.485,0.000,4.615,6.682,334.211,1.738,1.499,,
0.485,0.000,4.615,7.003,312.369,2.214,1.501,,
0.485,0.000,4.615,7.219,286.304,4.046,1.502,,
0.485,0.000,4.615,6.974,257.505,5.715,1.501,,
0.485,0.000,4.615,7.174,232.509,7.342,1.500,,
0.485,0.000,4.615,7.819,217.420,6.673,1.498,,
0.485,0.000,4.615,8.767,210.798,5.806,1.495,,
0.485,0.000,4.615,9.859,210.542,5.031,1.494,,
0.471,0.000,4.621,10.546,210.687,4.711,1.493,,
0.405,0.000,4.631,12.099,212.408,4.221,1.490,,
0.371,0.000,4.607,14.226,217.173,3.701,1.486,,
0.345,0.000,4.546,16.702,220.647,3.207,1.482,,
0.337,0.000,4.459,18.377,222.170,2.716,1.479,,
0.349,0.000,4.336,20.084,225.726,2.390,1.476,,
0.359,0.000,4.219,22.953,231.139,1.649,1.471,,
0.359,0.000,4.094,25.346,236.153,0.793,1.466,,
0.341,0.000,3.968,27.807,240.491,0.707,1.461,,
0.295,0.000,3.847,29.377,244.970,0.348,1.458,,
0.243,0.000,3.754,30.928,249.946,359.991,1.455,,
0.243,0.000,3.754,32.497,255.770,0.031,1.452,,
0.243,0.000,3.754,33.829,261.139,0.481,1.449,,
0.243,0.000,3.754,34.660,264.278,0.546,1.448,,
0.243,0.000,3.754,35.018,265.235,0.348,1.447,,
0.243,0.000,3.754,35.270,265.290,0.625,1.446,,
0.243,0.000,3.754,35.816,265.733,0.894,1.445,,
0.243,0.000,3.754,36.450,267.627,1.254,1.443,,
0.243,0.000,3.754,36.750,271.200,1.842,1.442,,
0.243,0.000,3.754,37.034,276.083,2.231,1.441,,
0.243,0.000,3.754,37.239,280.405,2.428,1.440,,
0.243,0.000,3.754,37.390,282.548,2.324,1.440,,
0.243,0.000,3.754,37.220,282.898,1.856,1.440,,
0.243,0.000,3.754,36.889,283.093,1.636,1.441,,
0.243,0.000,3.754,36.532,283.523,1.506,1.442,,
0.243,0.000,3.754,36.538,283.991,1.437,1.442,,
0.243,0.000,3.754,36.612,284.332,1.539,1.442,,
0.243,0.000,3.754,36.515,284.539,1.460,1.442,,
0.243,0.000,3.754,36.383,284.661,1.436,1.442,,
0.243,0.000,3.754,36.239,284.621,1.309,1.442,,
0.243,0.000,3.754,36.282,284.651,1.374,1.442,,
0.243,0.000,3.754,36.835,284.874,1.549,1.440,,
0.243,0.000,3.754,37.182,284.752,1.542,1.440,,
0.243,0.000,3.754,37.172,284.623,1.340,1.440,,
0.243,0.000,3.754,37.331,284.534,1.357,1.439,,
0.243,0.000,3.754,37.334,284.466,1.259,1.439,,
0.243,0.000,3.754,37.112,284.676,1.187,1.440,,
0.243,0.000,3.754,36.975,284.517,1.320,1.440,,
0.243,0.000,3.754,36.931,283.918,1.243,1.440,,
0.243,0.000,3.754,36.574,281.709,1.333,1.441,,
0.207,0.000,3.750,35.537,276.496,2.023,1.444,,
0.128,0.000,3.710,33.386,265.043,2.252,1.449,,
0.076,0.000,3.624,30.996,248.006,1.337,1.454,,
0.079,0.000,3.521,28.169,230.750,1.572,1.459,,
0.127,0.000,3.412,26.111,219.076,1.380,1.463,,
0.211,0.000,3.304,25.175,213.183,2.019,1.464,,
0.300,0.000,3.210,24.345,211.987,2.549,1.465,,
0.397,0.000,3.108,23.871,213.190,2.813,1.466,,
0.490,0.000,3.006,23.918,214.230,3.214,1.465,,
0.574,0.000,2.887,23.798,215.487,3.231,1.466,,
0.633,0.000,2.757,23.352,218.474,3.051,1.466,,
0.660,0.000,2.617,23.315,220.784,3.042,1.466,,
0.675,0.000,2.474,23.126,223.355,3.134,1.467,,
0.681,0.000,2.328,22.915,226.065,3.169,1.467,,
0.674,0.000,2.185,22.696,228.458,2.867,1.467,,
0.646,0.000,2.043,22.497,230.804,2.406,1.468,,
0.592,0.000,1.901,22.090,233.337,2.055,1.469,,
0.528,0.000,1.781,21.858,235.550,1.963,1.470,,
0.451,0.000,1.659,21.700,236.993,1.742,1.470,,
0.366,0.000,1.541,21.215,238.335,1.221,1.471,,
0.277,0.000,1.428,20.709,240.248,0.815,1.472,,
0.180,0.000,1.317,20.252,242.406,0.550,1.473,,
0.083,0.000,1.215,20.005,244.349,0.262,1.473,,
-0.023,0.000,1.110,19.830,245.987,359.969,1.474,,
-0.125,0.000,1.016,19.802,247.636,359.774,1.474,,
-0.235,0.000,0.921,19.859,249.322,359.553,1.474,,
-0.349,0.000,0.833,20.194,251.140,359.183,1.473,,
-0.468,0.000,0.751,20.652,253.142,358.662,1.473,,
-0.591,0.000,0.675,20.835,255.516,358.359,1.472,,
-0.716,0.000,0.605,20.528,257.976,358.107,1.473,,
-0.848,0.000,0.548,20.246,260.151,357.749,1.474,,
-0.988,0.000,0.506,20.245,261.866,357.444,1.474,,
-1.130,0.000,0.482,20.301,263.299,357.235,1.473,,
-1.273,0.000,0.473,20.532,264.539,357.314,1.473,,
-1.418,0.000,0.477,21.213,265.299,357.541,1.472,,
-1.562,0.000,0.484,22.721,265.249,358.290,1.469,,
-1.707,0.000,0.489,26.911,264.151,359.611,1.461,,
-1.852,0.000,0.490,33.307,261.556,359.808,1.450,,
-2.001,0.000,0.482,36.625,258.361,358.460,1.443,,
-2.139,0.000,0.470,36.918,257.739,358.424,1.443,,
-2.289,0.000,0.459,36.879,258.447,358.594,1.443,,
-2.426,0.000,0.451,36.433,260.067,358.671,1.444,,
-2.579,0.000,0.458,34.193,263.206,358.780,1.448,,
-2.709,0.000,0.497,31.832,265.867,358.574,1.452,,
-2.847,0.000,0.553,29.962,267.522,358.277,1.456,,
-2.975,0.000,0.608,28.152,268.173,358.249,1.460,,
-3.113,0.000,0.662,26.727,267.801,358.355,1.462,,
-3.252,0.000,0.683,25.909,267.219,358.385,1.464,,
-3.395,0.000,0.688,25.506,267.347,358.360,1.465,,
-3.540,0.000,0.693,25.324,268.599,358.453,1.465,,
-3.684,0.000,0.703,25.182,270.708,358.882,1.465,,
-3.828,0.000,0.720,25.677,273.255,359.194,1.464,,
-3.971,0.000,0.742,26.583,274.744,359.201,1.462,,
-4.114,0.000,0.766,27.714,275.625,359.050,1.460,,
-4.256,0.000,0.792,28.490,276.378,359.077,1.458,,
-4.397,0.000,0.820,29.334,276.984,359.256,1.456,,
-4.538,0.000,0.848,30.189,277.351,359.399,1.455,,
-4.594,0.000,0.859,31.448,277.463,359.538,1.452,,
-4.594,0.000,0.859,32.255,277.458,359.701,1.450,,
-4.594,0.000,0.859,31.981,277.077,359.676,1.451,,
-4.594,0.000,0.859,30.019,275.882,358.993,1.455,,
-4.594,0.000,0.859,23.455,273.889,357.117,1.469,,
-4.594,0.000,0.859,14.642,271.624,353.409,1.483,,
-4.594,0.000,0.859,8.724,270.066,351.113,1.491,,
-4.594,0.000,0.859,7.060,268.436,350.630,1.494,,
-4.594,0.000,0.859,8.273,267.209,351.342,1.493,,
-4.695,0.000,0.879,8.509,267.151,351.657,1.493,,
-4.813,0.000,0.892,9.029,268.067,351.972,1.493,,
-4.950,0.000,0.890,10.154,268.578,352.306,1.492,,
-5.094,0.000,0.878,11.291,267.841,353.101,1.491,,
-5.236,0.000,0.851,11.892,266.948,354.485,1.491,,
-5.342,0.000,0.810,12.177,266.054,355.450,1.492,,
-5.342,0.000,0.810,12.842,264.784,356.595,1.491,,
-5.342,0.000,0.810,13.347,264.079,356.960,1.490,,
-5.342,0.000,0.810,13.688,264.140,357.044,1.489,,
-5.342,0.000,0.810,13.267,265.189,356.991,1.490,,
-5.342,0.000,0.810,10.279,266.101,357.368,1.495,,
-5.342,0.000,0.810,8.339,265.171,358.453,1.498,,
-5.342,0.000,0.810,7.460,263.920,358.719,1.499,,
-5.342,0.000,0.810,5.997,263.455,359.037,1.501,,
-5.342,0.000,0.810,4.912,263.389,359.136,1.503,,
-5.342,0.000,0.810,4.745,263.384,359.027,1.503,,
-5.342,0.000,0.810,4.650,263.214,359.111,1.503,,
-5.342,0.000,0.810,4.634,262.879,359.044,1.503,,
-5.342,0.000,0.810,4.629,262.551,359.154,1.503,,
-5.342,0.000,0.810,4.581,262.382,359.257,1.503,,
-5.342,0.000,0.810,4.840,261.918,359.141,1.502,,
-5.342,0.000,0.810,5.900,261.158,358.718,1.500,,
-5.342,0.000,0.810,7.769,259.919,357.917,1.497,,
-5.361,0.000,0.806,9.689,259.245,357.242,1.494,,
-5.408,0.000,0.788,11.852,259.647,356.690,1.490,,
-5.481,0.000,0.780,16.470,260.809,356.424,1.481,,
-5.552,0.000,0.776,22.669,262.453,356.457,1.469,,
-5.552,0.000,0.776,27.097,262.952,356.717,1.460,,
-5.552,0.000,0.776,30.662,261.912,356.773,1.452,,
-5.552,0.000,0.776,32.471,260.406,355.996,1.448,,
-5.637,0.000,0.757,33.734,259.471,355.218,1.445,,
-5.749,0.000,0.731,34.785,259.408,354.964,1.443,,
-5.883,0.000,0.700,35.706,258.452,355.140,1.441,,
-5.936,0.000,0.689,36.221,254.549,355.227,1.440,,
-5.936,0.000,0.689,36.268,245.770,354.445,1.439,,
-5.936,0.000,0.689,35.017,232.703,352.870,1.440,,
-5.936,0.000,0.689,32.789,220.964,349.273,1.437,,
-5.936,0.000,0.689,29.883,213.904,342.627,1.424,,
-5.936,0.000,0.689,30.734,207.790,335.005,1.392,,
-5.936,0.000,0.689,30.274,200.047,327.987,1.356,,
-5.936,0.000,0.689,28.844,192.344,322.444,1.323,,
-5.936,0.000,0.689,26.670,186.351,319.616,1.301,,
-5.936,0.000,0.689,23.508,184.822,318.701,1.302,,
-5.936,0.000,0.689,14.476,188.490,324.804,1.338,,
-5.936,0.000,0.689,355.024,190.540,333.045,1.401,,
-5.936,0.000,0.689,336.531,183.851,339.360,1.447,,
-5.936,0.000,0.689,330.599,184.655,341.125,1.461,,
-5.936,0.000,0.689,328.339,190.365,339.920,1.469,,
-5.936,0.000,0.689,327.429,192.836,341.455,1.474,,
-5.936,0.000,0.689,330.922,196.138,341.731,1.475,,
-5.936,0.000,0.689,348.778,205.010,337.129,1.465,,
-5.936,0.000,0.689,12.604,215.361,341.921,1.449,,
-5.936,0.000,0.689,27.497,227.164,347.136,1.443,,
-5.936,0.000,0.689,35.925,234.490,352.680,1.437,,
-5.936,0.000,0.689,40.712,239.939,354.117,1.434,,
-5.936,0.000,0.689,43.920,245.235,354.959,1.432,,
-5.936,0.000,0.689,44.082,251.496,356.120,1.434,,
-5.936,0.000,0.689,42.537,258.379,356.973,1.437,,
-5.936,0.000,0.689,41.250,264.788,358.199,1.439,,
-5.936,0.000,0.689,36.054,267.997,356.898,1.449,,
-5.936,0.000,0.689,27.806,269.265,356.176,1.466,,
-5.936,0.000,0.689,24.766,268.545,355.985,1.473,,
-5.936,0.000,0.689,23.455,267.804,356.006,1.476,,
-5.936,0.000,0.689,22.117,267.336,356.070,1.479,,
-5.936,0.000,0.689,22.117,266.777,355.987,1.479,,
-5.889,0.000,0.729,22.806,266.325,355.736,1.478,,
-5.775,0.000,0.802,23.322,266.140,355.670,1.477,,
-5.639,0.000,0.857,23.639,265.878,355.752,1.476,,
-5.501,0.000,0.909,23.715,265.434,355.984,1.476,,
-5.370,0.000,0.958,23.688,264.906,356.378,1.476,,
-5.227,0.000,0.992,23.721,264.452,356.741,1.476,,
-5.079,0.000,1.008,23.804,264.074,357.016,1.475,,
-4.944,0.000,0.989,23.953,263.794,357.189,1.475,,
-4.812,0.000,0.934,24.314,263.119,357.542,1.474,,
-4.683,0.000,0.864,24.682,262.366,357.628,1.473,,
-4.558,0.000,0.794,25.075,262.676,357.524,1.472,,
-4.433,0.000,0.723,25.609,264.154,357.465,1.471,,
-4.308,0.000,0.650,26.299,266.152,357.164,1.469,,
-4.182,0.000,0.580,26.971,268.915,356.685,1.468,,
-4.049,0.000,0.526,27.803,271.849,356.386,1.466,,
-3.912,0.000,0.474,28.712,274.756,356.012,1.464,,
-3.774,0.000,0.436,28.619,278.292,354.985,1.463,,
-3.627,0.000,0.386,28.700,283.083,354.916,1.463,,
-3.503,0.000,0.335,29.153,287.777,355.041,1.462,,
-3.374,0.000,0.272,29.955,292.033,355.184,1.460,,
-3.247,0.000,0.203,30.165,297.412,354.892,1.459,,
-3.129,0.000,0.119,30.097,307.846,355.409,1.459,,
-3.068,0.000,0.057,29.786,323.024,355.530,1.458,,
-3.068,0.000,0.057,29.779,338.832,356.780,1.455,,
-3.068,0.000,0.057,29.499,349.909,359.639,1.455,,
-3.068,0.000,0.057,28.250,358.477,0.472,1.457,,
-3.064,0.000,-0.039,27.442,6.145,0.411,1.459,,
-3.071,0.000,-0.176,27.107,13.114,0.666,1.460,,
-3.098,0.000,-0.324,27.337,21.614,0.441,1.462,,
-3.142,0.000,-0.452,26.607,30.383,0.275,1.465,,
-3.210,0.000,-0.587,26.000,39.416,358.551,1.465,,
-3.256,0.000,-0.678,26.277,48.347,357.123,1.468,,
-3.242,0.000,-0.678,25.495,53.813,357.163,1.469,,
-3.208,0.000,-0.681,26.016,56.126,359.176,1.469,,
-3.159,0.000,-0.683,24.369,56.719,0.220,1.470,,
-3.090,0.000,-0.701,23.722,57.032,0.667,1.472,,
-2.984,0.000,-0.711,22.853,57.139,0.599,1.474,,
-2.865,0.000,-0.673,22.505,56.791,0.796,1.474,,
-2.750,0.000,-0.588,22.451,56.051,0.617,1.474,,
-2.647,0.000,-0.489,22.734,55.969,0.337,1.473,,
-2.546,0.000,-0.383,22.568,56.722,359.385,1.473,,
-2.450,0.000,-0.277,22.423,57.715,358.061,1.473,,
-2.351,0.000,-0.173,22.331,58.298,357.058,1.473,,
-2.242,0.000,-0.075,22.456,58.208,357.189,1.473,,
-2.125,0.000,0.004,22.894,57.845,358.676,1.473,,
-1.986,0.000,0.056,22.392,56.886,358.849,1.474,,
-1.852,0.000,0.080,21.756,55.704,358.838,1.475,,
-1.706,0.000,0.097,21.209,54.067,359.292,1.476,,
-1.570,0.000,0.117,20.403,51.147,0.228,1.478,,
-1.423,0.000,0.149,19.068,48.629,2.875,1.480,,
-1.292,0.000,0.196,17.449,44.650,4.713,1.483,,
-1.162,0.000,0.267,16.093,37.541,5.353,1.485,,
-1.055,0.000,0.358,14.500,30.349,5.728,1.489,,
-0.973,0.000,0.480,13.437,23.231,5.998,1.490,,
-0.928,0.000,0.613,13.652,17.563,5.333,1.490,,
-0.900,0.000,0.758,13.798,14.067,4.847,1.490,,
-0.881,0.000,0.898,13.082,12.852,4.334,1.491,,
-0.866,0.000,1.045,12.552,12.654,3.996,1.492,,
-0.851,0.000,1.186,12.082,12.797,3.600,1.493,,
-0.836,0.000,1.330,11.860,12.815,3.419,1.493,,
-0.821,0.000,1.472,12.165,12.478,3.269,1.492,,
-0.806,0.000,1.616,13.803,12.532,2.846,1.489,,
-0.789,0.000,1.758,17.535,13.102,2.438,1.482,,
-0.771,0.000,1.902,21.084,14.333,1.902,1.475,,
-0.745,0.000,2.043,23.072,17.847,1.844,1.471,,
-0.739,0.000,2.071,24.369,21.605,1.446,1.468,,
-0.739,0.000,2.071,26.266,25.351,1.474,1.464,,
-0.739,0.000,2.071,27.741,29.080,1.819,1.461,,
-0.739,0.000,2.071,28.576,31.380,1.897,1.460,,
-0.739,0.000,2.071,28.894,31.764,2.117,1.459,,
-0.739,0.000,2.071,29.417,31.688,1.772,1.457,,
-0.739,0.000,2.071,29.979,33.174,1.817,1.456,,
-0.739,0.000,2.071,30.158,35.660,2.182,1.456,,
-0.739,0.000,2.071,30.083,37.294,2.436,1.456,,
-0.739,0.000,2.071,30.129,37.561,2.547,1.456,,
-0.739,0.000,2.071,29.934,37.497,2.500,1.456,,
-0.739,0.000,2.071,29.717,37.601,2.613,1.457,,
-0.739,0.000,2.071,29.450,37.258,2.575,1.457,,
-0.739,0.000,2.071,28.837,35.121,2.954,1.459,,
-0.739,0.000,2.071,28.161,30.281,2.984,1.460,,
-0.739,0.000,2.071,26.534,23.955,2.350,1.464,,
-0.739,0.000,2.071,23.362,17.699,1.542,1.470,,
-0.739,0.000,2.071,17.876,12.917,0.732,1.480,,
-0.739,0.000,2.071,12.876,9.681,359.865,1.490,,
-0.739,0.000,2.071,10.050,8.326,359.847,1.495,,
-0.739,0.000,2.071,8.000,8.008,0.173,1.498,,
-0.739,0.000,2.071,6.365,7.695,0.241,1.501,,
-0.739,0.000,2.071,5.484,7.143,0.453,1.502,,
-0.739,0.000,2.071,4.712,6.364,0.761,1.504,,
-0.739,0.000,2.071,4.255,5.053,2.409,1.504,,
-0.739,0.000,2.071,3.749,3.159,2.784,1.504,,
-0.693,0.000,2.052,4.567,1.380,3.098,1.503,,
-0.646,0.000,2.033,5.534,0.213,3.039,1.501,,
-0.627,0.000,2.025,6.321,358.310,2.644,1.499,,
-0.627,0.000,2.025,7.348,356.173,1.937,1.498,,
-0.627,0.000,2.025,8.371,356.192,0.842,1.496,,
-0.627,0.000,2.025,9.916,357.323,359.619,1.493,,
-0.627,0.000,2.025,11.637,357.700,358.620,1.490,,
-0.616,0.000,2.025,13.834,0.577,357.038,1.486,,
-0.598,0.000,2.022,16.774,9.113,355.339,1.480,,
-0.568,0.000,2.001,19.898,20.461,354.925,1.474,,
-0.541,0.000,1.969,23.096,33.589,354.723,1.467,,
-0.521,0.000,1.925,26.084,47.488,355.834,1.460,,
-0.513,0.000,1.871,28.841,59.827,357.109,1.453,,
-0.518,0.000,1.817,31.243,66.722,357.261,1.447,,
-0.527,0.000,1.762,32.086,67.552,356.577,1.445,,
-0.537,0.000,1.708,33.014,68.486,356.787,1.443,,
-0.547,0.000,1.653,33.662,68.945,356.028,1.441,,
-0.556,0.000,1.599,33.887,70.255,355.466,1.440,,
-0.567,0.000,1.541,33.243,73.940,356.211,1.441,,
-0.576,0.000,1.489,32.575,77.068,356.605,1.442,,
-0.587,0.000,1.435,31.839,79.405,356.987,1.443,,
-0.599,0.000,1.380,29.562,81.505,356.664,1.447,,
-0.613,0.000,1.327,23.081,85.617,358.002,1.459,,
-0.631,0.000,1.274,13.411,89.882,359.469,1.478,,
-0.650,0.000,1.222,7.558,91.676,0.188,1.489,,
-0.667,0.000,1.170,5.951,91.919,359.705,1.492,,
-0.684,0.000,1.117,5.229,92.481,0.084,1.492,,
-0.700,0.000,1.063,4.825,92.239,359.632,1.494,,
-0.715,0.000,1.010,5.009,91.665,359.749,1.493,,
-0.728,0.000,0.953,5.660,91.488,359.784,1.491,,
-0.734,0.000,0.900,6.583,91.489,359.353,1.490,,
-0.736,0.000,0.843,7.698,91.507,358.926,1.488,,
-0.735,0.000,0.790,8.729,90.897,358.825,1.486,,
-0.731,0.000,0.735,10.110,90.009,358.999,1.483,,
-0.724,0.000,0.681,12.245,89.152,359.561,1.480,,
-0.713,0.000,0.630,12.639,88.902,0.220,1.479,,
-0.694,0.000,0.582,13.459,88.325,0.716,1.477,,
-0.666,0.000,0.544,14.460,88.127,1.209,1.475,,
-0.633,0.000,0.511,15.236,88.392,1.444,1.473,,
-0.600,0.000,0.479,16.280,88.466,1.405,1.472,,
-0.567,0.000,0.446,16.847,88.423,1.906,1.470,,
-0.533,0.000,0.413,17.556,87.961,1.883,1.468,,
-0.494,0.000,0.382,18.442,87.372,1.897,1.467,,
-0.453,0.000,0.360,19.615,86.881,1.948,1.464,,
-0.407,0.000,0.343,20.859,86.347,1.793,1.462,,
-0.359,0.000,0.327,21.857,85.944,1.607,1.460,,
-0.311,0.000,0.313,22.665,86.407,1.317,1.459,,
-0.262,0.000,0.299,23.492,87.518,1.210,1.459,,
-0.213,0.000,0.283,24.267,88.200,2.021,1.458,,
-0.162,0.000,0.269,24.479,84.225,3.446,1.458,,
-0.112,0.000,0.260,24.345,78.033,2.706,1.459,,
-0.060,0.000,0.255,23.968,75.996,0.726,1.460,,
-0.009,0.000,0.248,23.805,77.433,359.589,1.460,,
0.041,0.000,0.240,22.615,78.197,359.478,1.462,,
0.092,0.000,0.231,20.594,78.257,359.080,1.467,,
0.143,0.000,0.222,17.923,78.816,359.241,1.474,,
0.192,0.000,0.212,15.999,79.080,358.943,1.480,,
0.243,0.000,0.202,13.786,80.379,357.648,1.483,,
0.293,0.000,0.189,12.427,82.779,356.070,1.491,,
0.341,0.000,0.174,10.536,85.552,355.760,1.495,,
0.393,0.000,0.156,10.721,88.450,356.425,1.494,,
0.438,0.000,0.137,10.822,91.031,358.031,1.495,,
0.486,0.000,0.115,11.283,92.133,0.460,1.496,,
0.533,0.000,0.095,10.464,90.271,1.922,1.494,,
0.581,0.000,0.077,10.147,88.015,3.540,1.495,,
0.631,0.000,0.060,10.477,87.438,5.414,1.494,,
0.677,0.000,0.047,11.175,87.375,4.737,1.493,,
0.727,0.000,0.035,12.223,88.049,3.226,1.490,,
0.772,0.000,0.024,13.227,89.527,0.679,1.489,,
0.821,0.000,0.009,13.199,90.794,359.591,1.489,,
0.868,0.000,-0.005,13.051,91.575,359.955,1.490,,
0.916,0.000,-0.020,13.413,91.610,0.857,1.489,,
0.966,0.000,-0.033,13.294,90.429,1.042,1.489,,
1.019,0.000,-0.042,13.941,89.688,1.068,1.487,,
1.070,0.000,-0.044,14.200,89.704,0.849,1.487,,
1.124,0.000,-0.041,14.275,90.126,0.832,1.486,,
1.179,0.000,-0.038,14.648,90.578,0.622,1.485,,
1.233,0.000,-0.036,14.969,90.685,0.340,1.484,,
1.287,0.000,-0.033,14.944,90.809,0.154,1.484,,
1.343,0.000,-0.032,14.939,90.972,0.058,1.484,,
1.396,0.000,-0.031,14.886,91.086,0.033,1.484,,
1.452,0.000,-0.030,14.951,91.079,0.130,1.484,,
1.507,0.000,-0.029,15.002,91.163,0.179,1.484,,
1.561,0.000,-0.028,15.140,91.219,0.201,1.484,,
1.617,0.000,-0.027,15.205,91.175,0.088,1.484,,
1.672,0.000,-0.026,15.133,91.195,0.233,1.484,,
1.726,0.000,-0.026,15.118,91.088,0.341,1.484,,
1.781,0.000,-0.025,15.235,91.058,0.402,1.483,,
1.839,0.000,-0.024,15.198,90.973,0.483,1.483,,
1.891,0.000,-0.023,15.161,90.892,0.588,1.483,,
1.947,0.000,-0.023,15.019,90.816,0.822,1.484,,
2.002,0.000,-0.022,13.958,91.118,1.200,1.485,,
2.055,0.000,-0.022,12.666,91.991,2.107,1.487,,
2.110,0.000,-0.023,10.861,92.623,3.251,1.490,,
2.165,0.000,-0.023,6.528,92.277,5.210,1.497,,
2.221,0.000,-0.023,0.942,89.692,6.773,1.506,,
2.275,0.000,-0.019,356.312,86.299,6.365,1.513,,
2.329,0.000,-0.013,353.917,83.913,5.216,1.516,,
2.383,0.000,-0.005,353.220,83.706,4.525,1.517,,
2.437,0.000,0.002,352.780,84.567,3.942,1.518,,
2.492,0.000,0.008,353.071,85.783,2.916,1.517,,
2.547,0.000,0.013,352.998,86.167,2.259,1.517,,
2.602,0.000,0.018,353.163,86.193,2.194,1.516,,
2.657,0.000,0.023,353.244,86.376,2.003,1.516,,
2.712,0.000,0.028,353.312,86.619,1.936,1.516,,
2.766,0.000,0.032,353.385,86.759,1.806,1.516,,
2.822,0.000,0.037,353.760,86.896,1.250,1.515,,
2.876,0.000,0.041,353.870,86.764,1.035,1.515,,
2.931,0.000,0.046,354.170,86.368,0.497,1.514,,
2.988,0.000,0.051,354.478,86.055,0.093,1.514,,
3.041,0.000,0.056,354.449,86.216,0.166,1.514,,
3.095,0.000,0.061,354.555,86.486,0.251,1.514,,
3.149,0.000,0.066,354.657,86.413,0.111,1.513,,
3.203,0.000,0.071,354.882,86.245,0.109,1.513,,
3.258,0.000,0.076,355.085,86.103,0.150,1.512,,
3.313,0.000,0.081,355.550,86.004,0.070,1.512,,
3.368,0.000,0.086,356.480,86.117,0.307,1.510,,
3.422,0.000,0.091,357.995,86.238,359.817,1.508,,
3.477,0.000,0.096,0.572,86.784,359.781,1.504,,
3.532,0.000,0.100,2.179,88.582,0.512,1.502,,
3.586,0.000,0.102,4.725,90.685,3.493,1.500,,
3.642,0.000,0.102,5.911,91.888,4.931,1.498,,
3.695,0.000,0.102,5.555,90.988,3.609,1.499,,
3.749,0.000,0.104,6.007,90.553,3.115,1.498,,
3.804,0.000,0.105,6.072,90.377,2.899,1.498,,
3.857,0.000,0.106,6.307,90.134,2.990,1.497,,
3.912,0.000,0.107,6.599,90.088,2.913,1.496,,
3.966,0.000,0.109,6.818,90.195,2.787,1.495,,
4.020,0.000,0.110,6.856,90.463,2.764,1.495,,
4.075,0.000,0.111,7.095,90.354,2.556,1.495,,
4.130,0.000,0.112,7.609,90.154,1.988,1.493,,
4.185,0.000,0.113,8.926,91.054,1.693,1.491,,
4.239,0.000,0.113,9.394,92.101,1.946,1.491,,
4.292,0.000,0.112,9.548,92.472,2.082,1.490,,
4.347,0.000,0.111,9.420,92.315,2.005,1.490,,
4.400,0.000,0.111,9.306,91.714,1.877,1.490,,
4.456,0.000,0.111,9.110,91.300,1.594,1.491,,
4.508,0.000,0.111,8.970,91.044,1.351,1.491,,
4.563,0.000,0.112,8.998,90.798,1.472,1.491,,
4.616,0.000,0.113,9.127,90.468,1.428,1.491,,
4.672,0.000,0.113,9.202,90.585,1.409,1.491,,
4.725,0.000,0.114,9.193,90.976,1.408,1.491,,
4.780,0.000,0.114,8.932,91.435,1.359,1.492,,
4.835,0.000,0.114,8.685,92.125,1.123,1.492,,
4.890,0.000,0.113,8.780,92.561,1.228,1.492,,
4.944,0.000,0.112,9.073,92.392,1.024,1.492,,
5.000,0.000,0.112,8.799,92.351,1.284,1.493,,
5.051,0.000,0.111,9.066,92.138,1.559,1.493,,
5.106,0.000,0.110,9.422,92.247,1.823,1.491,,
5.160,0.000,0.110,10.015,92.363,1.814,1.490,,
5.214,0.000,0.109,10.397,92.929,1.848,1.489,,
5.269,0.000,0.107,10.353,94.104,1.475,1.490,,
5.326,0.000,0.103,10.284,95.061,1.301,1.488,,
5.377,0.000,0.100,10.541,94.940,1.153,1.488,,
5.432,0.000,0.097,10.625,95.017,1.119,1.488,,
5.486,0.000,0.093,10.841,95.771,0.870,1.488,,
5.540,0.000,0.089,10.918,96.078,0.792,1.487,,
5.595,0.000,0.085,11.133,95.541,1.157,1.487,,
5.650,0.000,0.082,11.354,94.617,1.504,1.487,,
5.703,0.000,0.080,11.395,93.639,1.658,1.487,,
5.758,0.000,0.078,11.408,92.320,1.673,1.487,,
5.813,0.000,0.079,11.483,90.740,1.683,1.487,,
5.866,0.000,0.081,11.762,88.715,1.774,1.487,,
5.922,0.000,0.085,11.834,86.218,2.107,1.488,,
5.974,0.000,0.092,11.367,83.524,2.384,1.491,,
5.995,0.000,0.095,10.956,80.650,2.129,1.493,,
5.995,0.000,0.095,10.853,78.161,1.428,1.492,,
5.995,0.000,0.095,10.248,74.828,0.453,1.492,,
5.995,0.000,0.095,9.483,68.112,0.417,1.493,,
5.995,0.000,0.095,8.357,55.773,0.069,1.492,,
5.995,0.000,0.095,6.639,37.311,0.921,1.498,,
5.995,0.000,0.095,4.352,12.544,1.746,1.503,,
5.995,0.000,0.095,2.057,346.420,3.048,1.506,,
5.995,0.000,0.095,1.589,320.123,4.047,1.509,,
5.995,0.000,0.095,2.009,295.757,6.178,1.512,,
5.995,0.000,0.095,2.808,278.623,6.834,1.510,,
5.995,0.000,0.095,3.349,269.513,5.127,1.507,,
5.995,0.000,0.095,2.269,265.909,3.788,1.509,,
5.995,0.000,0.095,1.791,265.796,2.661,1.509,,
5.995,0.000,0.095,2.165,267.056,1.609,1.510,,
5.995,0.000,0.095,3.068,268.402,358.902,1.511,,
5.995,0.000,0.095,4.940,269.653,357.803,1.507,,
5.995,0.000,0.095,7.594,270.187,357.893,1.504,,
5.995,0.000,0.095,8.898,269.647,358.466,1.501,,
5.995,0.000,0.095,9.096,265.751,0.108,1.502,,
5.995,0.000,0.095,9.277,254.929,2.840,1.502,,
5.995,0.000,0.095,11.044,237.282,4.855,1.497,,
5.995,0.000,0.095,13.476,218.374,6.333,1.489,,
5.995,0.000,0.095,15.537,203.110,5.387,1.482,,
5.995,0.000,0.095,16.144,192.969,2.535,1.483,,
5.995,0.000,0.095,16.239,189.829,1.617,1.482,,
5.995,0.000,0.095,16.680,188.248,1.552,1.482,,
5.995,0.000,0.095,18.717,185.549,1.273,1.480,,
5.995,0.000,0.093,21.523,181.620,357.761,1.475,,
5.996,0.000,0.091,22.954,180.807,356.291,1.471,,
6.000,0.000,0.085,23.841,181.459,355.295,1.468,,
6.008,0.000,0.077,26.258,182.006,355.916,1.464,,
6.019,0.000,0.065,27.381,182.826,356.637,1.462,,
6.035,0.000,0.045,29.078,183.243,357.277,1.458,,
6.049,0.000,0.016,29.988,184.164,357.820,1.454,,
6.057,0.000,-0.023,30.629,185.259,357.832,1.454,,
6.062,0.000,-0.065,31.086,187.681,356.943,1.453,,
6.063,0.000,-0.109,31.509,191.240,356.625,1.452,,
6.059,0.000,-0.155,31.152,196.281,356.451,1.454,,
6.050,0.000,-0.199,30.179,204.061,356.326,1.458,,
6.034,0.000,-0.242,29.197,214.633,356.162,1.461,,
6.010,0.000,-0.281,28.884,226.641,358.677,1.462,,
5.978,0.000,-0.314,28.353,236.775,0.813,1.461,,
5.943,0.000,-0.342,26.357,245.937,3.474,1.468,,
5.903,0.000,-0.364,24.302,254.034,3.697,1.469,,
5.903,0.000,-0.364,23.243,262.338,3.175,1.476,,
5.903,0.000,-0.364,18.516,272.469,1.890,1.485,,
5.903,0.000,-0.364,13.743,284.882,359.357,1.494,,
5.903,0.000,-0.364,10.317,294.637,357.112,1.502,,
5.914,0.000,-0.357,8.173,298.948,357.542,1.507,,
5.942,0.000,-0.346,8.675,298.597,358.883,1.509,,
5.983,0.000,-0.350,8.023,298.561,359.868,1.504,,
6.021,0.000,-0.360,7.578,298.104,0.380,1.507,,
6.059,0.000,-0.370,6.643,298.139,0.919,1.506,,
6.093,0.000,-0.383,6.080,297.916,0.921,1.508,,
6.122,0.000,-0.401,5.957,298.224,0.819,1.507,,
6.149,0.000,-0.423,5.885,299.090,0.698,1.507,,
6.162,0.000,-0.460,5.575,300.106,0.686,1.508,,
6.167,0.000,-0.503,5.729,301.187,0.362,1.506,,
6.174,0.000,-0.551,5.968,302.486,0.076,1.505,,
6.180,0.000,-0.594,6.610,304.046,359.902,1.504,,
6.194,0.000,-0.602,7.617,305.537,359.807,1.502,,
6.206,0.000,-0.612,8.244,306.312,359.714,1.501,,
6.216,0.000,-0.617,9.243,306.726,359.831,1.499,,
6.227,0.000,-0.620,9.565,305.856,0.581,1.498,,
6.244,0.000,-0.630,10.090,305.055,0.708,1.497,,
6.245,0.000,-0.638,10.493,304.785,0.445,1.497,,
6.266,0.000,-0.647,10.729,305.017,0.467,1.496,,
6.272,0.000,-0.656,11.684,304.879,0.641,1.493,,
6.274,0.000,-0.657,13.180,302.368,1.443,1.490,,
6.274,0.000,-0.657,18.584,291.030,3.158,1.480,,
6.270,0.000,-0.659,26.073,270.617,2.111,1.464,,
6.285,0.000,-0.658,30.863,253.897,358.016,1.452,,
6.315,0.000,-0.655,33.318,249.245,357.851,1.446,,
6.338,0.000,-0.651,35.306,248.368,358.442,1.442,,
6.358,0.000,-0.647,34.902,249.614,359.816,1.443,,
6.380,0.000,-0.662,34.526,251.102,1.238,1.445,,
6.398,0.000,-0.673,34.285,253.365,1.990,1.444,,
6.409,0.000,-0.683,33.959,256.967,2.648,1.444,,
6.409,0.000,-0.695,33.817,260.014,3.408,1.444,,
6.399,0.000,-0.709,32.508,264.064,4.325,1.446,,
6.387,0.000,-0.730,30.024,271.070,6.141,1.451,,
6.393,0.000,-0.737,28.041,277.556,7.351,1.455,,
6.398,0.000,-0.742,26.858,281.110,7.950,1.457,,
6.399,0.000,-0.744,25.970,281.947,7.638,1.459,,
6.399,0.000,-0.744,25.611,282.155,7.500,1.460,,
6.399,0.000,-0.744,25.872,281.694,7.086,1.459,,
6.399,0.000,-0.744,26.769,281.150,6.411,1.458,,
6.399,0.000,-0.744,26.598,281.016,5.037,1.459,,
6.399,0.000,-0.744,26.083,280.533,4.327,1.459,,
6.399,0.000,-0.744,25.929,278.642,4.127,1.458,,
6.388,0.000,-0.747,25.668,276.079,4.894,1.457,,
6.364,0.000,-0.755,24.047,275.361,4.972,1.461,,
6.331,0.000,-0.769,22.098,277.461,4.910,1.465,,
6.294,0.000,-0.800,20.772,281.036,5.292,1.468,,
6.257,0.000,-0.841,18.566,286.135,5.294,1.472,,
6.219,0.000,-0.875,15.693,295.267,5.259,1.478,,
6.172,0.000,-0.907,13.036,304.218,4.342,1.483,,
6.134,0.000,-0.928,10.747,312.486,2.411,1.488,,
6.134,0.000,-0.928,9.616,318.625,1.134,1.491,,
6.124,0.000,-0.930,9.474,322.184,0.175,1.491,,
6.070,0.000,-0.946,9.598,323.140,359.576,1.492,,
6.020,0.000,-0.960,9.575,323.425,359.392,1.492,,
5.965,0.000,-0.983,9.265,324.506,359.435,1.493,,
5.918,0.000,-1.006,8.853,325.715,359.457,1.492,,
5.869,0.000,-1.031,8.200,327.107,359.416,1.494,,
5.818,0.000,-1.058,7.569,328.900,359.155,1.494,,
5.770,0.000,-1.082,7.175,330.864,358.904,1.495,,
5.722,0.000,-1.108,7.284,333.112,358.527,1.495,,
5.682,0.000,-1.147,8.312,335.238,358.388,1.493,,
5.666,0.000,-1.200,9.196,336.914,358.061,1.491,,
5.660,0.000,-1.255,9.443,338.075,357.642,1.491,,
5.663,0.000,-1.311,9.802,338.421,357.432,1.490,,
5.684,0.000,-1.361,10.149,338.036,357.204,1.490,,
5.723,0.000,-1.396,10.410,337.432,357.153,1.490,,
5.767,0.000,-1.424,10.751,336.524,357.062,1.490,,
5.817,0.000,-1.449,11.147,335.430,356.906,1.489,,
5.867,0.000,-1.471,11.409,333.764,356.873,1.489,,
5.919,0.000,-1.493,11.901,331.731,357.401,1.488,,
5.974,0.000,-1.513,12.439,328.702,357.762,1.486,,
6.025,0.000,-1.528,13.508,324.755,358.370,1.484,,
6.079,0.000,-1.540,14.527,320.359,359.377,1.483,,
6.136,0.000,-1.548,15.301,315.847,0.216,1.481,,
6.190,0.000,-1.552,15.964,310.899,0.447,1.480,,
6.212,0.000,-1.552,16.227,306.996,0.689,1.479,,
6.212,0.000,-1.552,16.529,304.913,1.203,1.478,,
6.212,0.000,-1.552,16.914,304.000,1.792,1.477,,
6.212,0.000,-1.552,17.287,303.977,2.241,1.476,,
6.212,0.000,-1.552,17.454,304.486,2.392,1.476,,
6.212,0.000,-1.552,17.405,305.380,2.347,1.476,,
6.212,0.000,-1.552,17.432,306.373,2.416,1.475,,
6.212,0.000,-1.552,17.552,306.883,2.733,1.475,,
6.212,0.000,-1.552,17.347,307.236,2.917,1.476,,
6.212,0.000,-1.552,16.782,308.051,3.222,1.477,,
6.212,0.000,-1.552,16.470,309.154,3.355,1.477,,
6.212,0.000,-1.552,16.360,309.880,3.323,1.477,,
6.212,0.000,-1.552,16.265,310.287,3.175,1.478,,
6.212,0.000,-1.552,15.935,310.947,2.933,1.478,,
6.212,0.000,-1.552,15.387,312.220,2.782,1.479,,
6.212,0.000,-1.552,14.954,313.295,2.419,1.480,,
6.212,0.000,-1.552,14.431,314.655,1.970,1.481,,
6.212,0.000,-1.552,13.682,316.476,1.553,1.483,,
6.236,0.000,-1.572,13.063,317.891,1.383,1.483,,
6.272,0.000,-1.625,12.829,318.477,1.103,1.484,,
6.298,0.000,-1.686,13.219,318.004,1.167,1.483,,
6.304,0.000,-1.702,13.303,317.877,1.507,1.483,,
6.304,0.000,-1.702,13.362,318.135,1.534,1.482,,
6.304,0.000,-1.702,13.330,318.539,1.455,1.482,,
6.304,0.000,-1.702,13.182,319.203,1.401,1.483,,
6.304,0.000,-1.702,12.977,319.758,1.431,1.483,,
6.304,0.000,-1.702,12.874,319.906,1.371,1.483,,
6.304,0.000,-1.702,12.761,320.052,1.353,1.483,,
6.304,0.000,-1.702,12.641,320.158,1.298,1.483,,
