"Player Height {0.100}",1.592,1.591,1.592,1.594,1.597,1.601,1.604,1.605,1.605,1.602,1.592,1.580,1.574,1.573,1.572,1.572,1.574,1.576,1.577,1.579,1.585,1.594,1.601,1.602,1.604,1.608,1.613,1.616,1.621,1.624,1.636,1.652,1.654,1.655,1.655,1.654,1.651,1.644,1.625,1.614,1.610,1.607,1.602,1.598,1.589,1.580,1.568,1.561,1.557,1.555,1.551,1.539,1.523,1.515,1.512,1.520,1.537,1.564,1.579,1.583,1.583,1.583,1.583,1.588,1.592,1.595,1.600,1.606,1.612,1.616,1.618,1.617,1.614,1.608,1.601,1.596,1.593,1.596,1.596,1.589,1.577,1.569,1.565,1.565,1.566,1.566,1.567,1.567,1.567,1.568,1.569,1.571,1.571,1.570,1.569,1.569,1.569,1.569,1.569,1.569,1.569,1.568,1.568,1.569,1.571,1.572,1.576,1.580,1.580,1.579,1.581,1.584,1.589,1.590,1.591,1.591,1.589,1.591,1.597,1.612,1.612,1.612,1.614,1.615,1.614,1.612,1.612,1.610,1.608,1.608,1.608,1.607,1.607,1.610,1.611,1.612,1.612,1.617,1.621,1.625,1.626,1.627,1.628,1.628,1.628,1.629,1.629,1.629,1.629,1.629,1.629,1.629,1.629,1.629,1.629,1.630,1.630,1.631,1.631,1.632,1.632,1.632,1.632,1.632,1.632,1.634,1.634,1.633,1.631,1.631,1.631,1.631,1.631,1.631,1.631,1.631,1.632,1.632,1.634,1.636,1.636,1.637,1.637,1.637,1.637,1.637,1.637,1.637,1.638,1.637,1.638,1.637,1.637,1.638,1.638,1.637,1.637,1.637,1.637,1.636,1.636,1.635,1.635,1.634,1.634,1.634,1.634,1.634,1.634,1.634,1.634,1.634,1.634,1.633,1.633,1.634,1.634,1.634,1.633,1.632,1.631,1.631,1.631,1.631,1.633,1.633,1.634,1.635,1.635,1.634,1.634,1.634,1.634,1.634,1.634,1.634,1.634,1.634,1.634,1.633,1.633,1.632,1.631,1.631,1.630,1.629,1.629,1.630,1.630,1.630,1.630,1.630,1.629,1.628,1.628,1.628,1.628,1.628,1.627,1.627,1.627,1.626,1.626,1.626,1.625,1.624,1.623,1.622,1.622,1.622,1.622,1.621,1.619,1.617,1.616,1.614,1.610,1.608,1.607,1.607,1.608,1.610,1.610,1.612,1.615,1.617,1.616,1.615,1.612,1.610,1.607,1.608,1.610,1.617,1.624,1.631,1.634,1.634,1.633,1.633,1.632,1.632,1.631,1.631,1.631,1.632,1.633,1.636,1.637,1.637,1.636,1.634,1.633,1.633,1.632,1.632,1.631,1.630,1.629,1.626,1.624,1.620,1.615,1.616,1.619,1.619,1.619,1.632,1.640,1.645,1.647,1.649,1.648,1.642,1.631,1.618,1.611,1.604,1.597,1.592,1.589,1.587,1.584,1.585,1.585,1.586,1.586,1.586,1.587,1.587,1.587,1.587,1.596,1.609,1.615,1.616,1.614,1.615,1.619,1.622,1.625,1.627,1.628,1.629,1.634,1.652,1.660,1.663,1.663,1.662,1.658,1.651,1.649,1.643,1.637,1.634,1.631,1.630,1.629,1.629,1.629,1.628,1.628,1.628,1.629,1.629,1.629,1.629,1.629,1.629,1.628,1.628,1.628,1.628,1.628,1.628,1.628,1.628,1.628,1.628,1.628,1.628,1.628,1.628,1.627,1.627,1.627,1.627,1.627,1.627,1.627,1.627,1.627,1.627,1.627,1.627,1.627,1.627,1.627,1.627,1.627,1.628,1.628,1.628,1.628,1.629,1.628,1.628,1.628,1.628,1.627,1.627,1.628,1.628,1.628,1.629,1.629,1.630,1.630,1.631,1.632,1.632,1.630,1.626,1.624,1.623,1.621,1.620,1.619,1.617,1.611,1.595,1.588,1.581,1.578,1.600,1.632,1.639,1.640,1.639,1.632,1.628,1.625,1.624,1.625,1.626,1.627,1.628,1.628,1.628,1.628,1.628,1.628,1.628,1.629,1.631,1.632,1.632,1.632,1.632,1.634,1.635,1.636,1.635,1.635,1.634,1.634,1.633,1.633,1.632,1.631,1.631,1.631,1.630,1.630,1.630,1.630,1.630,1.630,1.629,1.630,1.630,1.631,1.631,1.630,1.630,1.631,1.630,1.631,1.631,1.632,1.633,1.635,1.635,1.636,1.636,1.636,1.636,1.637,1.637,1.637,1.636,1.636,1.634,1.631,1.626,1.624,1.620,1.619,1.616,1.612,1.609,1.609,1.610,1.610,1.609,1.608,1.608,1.607,1.603,1.602,1.601,1.601,1.600,1.600,1.599,1.598,1.597,1.596,1.593,1.592,1.589,1.586,1.581,1.569,1.569,1.569,1.570,1.571,1.571,1.572,1.572,1.573,1.575,1.579,1.579
"Head Rotation X {0.100}",20.391,20.646,20.491,19.730,18.399,16.021,14.917,14.549,14.261,15.666,20.275,26.228,28.782,29.238,29.863,29.883,29.141,28.452,27.681,25.609,23.061,18.659,12.555,11.169,9.457,8.486,6.757,5.706,3.593,2.261,354.932,344.475,342.832,340.754,340.643,341.140,343.270,348.135,359.853,6.206,8.641,10.209,12.507,14.220,16.852,18.555,20.696,22.449,23.350,23.597,22.341,19.513,19.418,19.996,20.517,19.792,18.375,17.035,17.667,19.590,21.002,21.074,20.423,18.627,16.619,15.396,13.006,9.639,6.132,4.576,4.256,4.734,4.866,4.664,6.120,7.678,8.577,11.208,13.072,18.640,25.821,29.425,31.272,31.495,30.926,30.654,30.362,30.423,30.598,30.467,29.974,28.982,28.714,29.375,29.676,29.758,29.694,29.558,28.993,29.114,29.321,29.369,29.050,27.839,26.328,26.451,24.779,22.726,22.374,22.107,20.502,18.398,14.877,13.527,12.544,14.594,17.280,16.541,12.513,2.307,2.218,1.795,1.250,0.684,0.834,1.324,1.717,2.273,2.824,3.152,3.594,5.778,9.173,8.398,7.450,7.121,6.881,4.994,3.457,1.923,1.202,1.039,0.412,0.324,0.258,0.200,0.169,0.168,0.095,0.033,359.949,359.927,359.809,359.591,359.372,359.089,358.765,358.518,358.341,358.053,357.968,357.982,357.922,357.843,357.689,357.168,357.039,357.404,358.389,358.698,358.846,358.810,358.657,358.931,358.871,358.753,358.518,357.977,357.193,356.217,355.683,355.341,355.180,355.006,355.046,355.072,355.014,355.078,355.066,355.085,355.028,355.139,355.085,354.931,354.914,354.896,355.085,355.250,355.409,355.564,355.757,356.017,356.450,356.706,356.854,356.924,356.814,356.820,356.787,356.766,356.818,356.782,356.875,356.895,356.877,356.573,356.312,356.564,357.328,357.732,357.944,357.961,357.914,357.898,356.807,356.401,356.089,355.482,355.497,355.609,355.821,355.958,356.134,356.280,356.392,356.461,356.447,356.520,356.421,356.552,356.890,357.139,357.560,357.828,358.066,358.404,358.671,358.505,358.247,358.171,358.210,358.233,358.582,359.017,359.093,359.045,358.966,359.127,359.418,359.467,359.539,359.813,0.118,0.260,1.039,1.758,2.275,2.223,1.980,1.557,1.600,1.939,2.480,3.051,3.019,2.728,2.612,3.015,3.128,3.493,3.757,4.789,6.480,6.443,4.914,3.414,3.363,4.480,5.475,4.842,5.151,5.205,5.128,3.947,2.501,358.799,357.079,356.675,356.726,357.128,357.420,357.573,357.787,357.678,357.492,357.263,356.282,355.415,354.243,353.198,353.138,353.717,353.724,354.243,354.740,355.092,355.343,355.419,355.725,356.654,357.376,357.855,357.968,357.562,356.993,356.469,356.916,350.631,345.580,342.435,340.109,337.961,338.226,341.950,348.798,355.347,358.721,2.321,6.243,8.678,10.100,11.521,12.556,12.636,12.635,12.510,12.450,12.533,12.307,12.186,12.209,12.271,8.038,2.444,0.196,359.707,359.976,359.746,359.688,359.163,358.145,357.448,356.762,356.674,353.632,343.042,337.875,335.839,335.323,336.424,339.345,343.317,344.522,348.776,352.941,355.204,357.129,357.782,358.120,358.066,358.026,358.086,358.012,357.974,357.879,357.838,357.785,357.770,357.822,357.778,357.886,357.914,357.952,357.926,357.944,357.984,358.024,358.088,358.039,358.066,358.124,358.120,357.996,357.986,358.116,358.172,358.272,358.170,358.173,358.101,358.134,358.067,358.068,358.130,358.138,358.307,358.508,358.510,358.422,358.286,358.210,357.860,357.765,357.651,357.446,357.399,357.399,357.508,357.681,357.782,357.819,357.781,357.662,357.551,357.152,356.821,356.716,356.343,356.113,355.313,354.696,354.410,355.233,356.918,357.958,358.561,359.393,359.711,0.174,1.480,4.011,11.319,14.599,17.530,18.889,8.100,351.911,347.583,346.987,349.013,354.680,357.657,359.131,0.233,359.748,359.402,358.999,358.798,358.814,358.774,358.719,358.677,358.768,358.638,358.145,356.898,356.519,356.457,356.324,356.126,354.665,353.822,353.511,353.690,353.727,353.999,354.246,354.456,354.708,355.178,355.299,355.581,355.631,355.854,356.064,356.414,357.048,357.695,358.290,358.341,357.931,357.788,357.492,357.418,357.289,357.272,357.042,357.201,357.192,357.204,357.038,356.326,355.383,354.899,353.941,353.757,353.571,353.341,352.898,352.631,352.473,352.407,352.484,352.922,354.297,356.478,357.489,359.021,359.701,0.963,4.298,7.494,7.961,7.701,7.754,8.068,8.465,9.198,9.995,11.808,12.205,12.684,12.850,13.353,13.515,13.795,14.241,14.928,15.582,16.479,17.332,18.881,20.232,22.829,28.025,28.144,27.999,27.704,27.316,27.012,26.642,26.346,25.841,24.925,22.899,22.531
"Head Rotation Y {0.100}",175.838,174.176,172.816,171.182,170.084,167.072,164.291,163.172,169.564,193.318,205.137,191.808,179.421,180.416,181.999,181.625,184.240,185.939,187.734,194.398,204.408,219.346,252.369,264.729,266.255,264.868,265.246,267.060,268.348,268.755,269.976,269.934,267.757,266.184,265.353,264.055,262.947,262.151,261.983,263.347,264.500,265.433,267.338,268.528,270.172,271.681,272.963,273.179,273.060,273.356,273.282,272.669,272.799,272.697,272.123,272.316,273.400,275.724,277.987,280.165,281.961,283.352,284.879,284.282,283.072,283.233,284.127,285.139,285.485,281.596,276.147,274.260,286.882,305.179,311.138,313.394,315.055,291.374,261.466,250.817,254.459,259.698,260.372,258.197,253.829,250.461,248.282,249.793,252.412,253.990,256.717,262.319,266.537,266.628,266.255,265.807,265.312,264.872,263.575,260.416,257.672,256.442,255.688,252.407,251.631,254.064,263.689,277.035,284.721,290.062,301.925,311.736,323.896,330.392,331.253,322.349,303.697,301.987,311.072,339.666,347.863,349.387,348.506,346.672,344.829,342.896,340.040,337.293,335.382,333.502,328.849,315.873,275.002,230.145,203.594,191.387,189.255,185.989,183.840,184.029,183.852,183.773,183.274,183.201,183.040,183.285,183.485,183.516,183.643,183.826,184.075,184.268,184.774,185.118,184.980,184.867,184.916,185.004,185.062,184.788,184.908,184.909,184.992,185.336,185.583,185.419,185.711,186.698,187.969,188.890,189.305,189.371,189.451,189.419,189.253,189.060,188.949,188.761,188.412,187.852,187.712,187.782,188.096,188.158,188.280,188.193,188.185,188.319,188.337,188.449,188.454,188.569,188.612,188.801,188.943,189.029,189.087,189.037,189.040,189.089,189.356,189.639,190.087,190.194,190.233,190.288,190.159,190.065,190.098,190.291,190.602,190.683,190.707,190.674,190.754,190.961,191.206,191.345,191.096,191.298,191.569,191.610,191.806,191.580,190.618,187.387,185.133,183.154,182.980,183.248,184.302,186.008,187.769,189.129,190.393,190.982,191.453,191.775,191.869,191.888,192.373,193.331,193.777,193.430,193.133,192.729,193.585,197.228,200.015,201.832,203.747,205.365,205.932,205.323,205.282,205.730,204.358,196.292,187.246,180.716,176.769,175.373,176.565,180.293,188.376,197.623,210.251,218.561,224.392,228.113,229.302,229.327,229.014,228.715,229.098,230.746,232.553,233.316,233.223,231.834,228.171,219.440,202.770,184.061,165.886,150.532,139.816,133.662,131.882,132.312,134.094,134.707,134.907,136.717,137.524,139.514,139.835,139.288,138.952,138.166,136.759,136.144,135.481,132.405,127.389,122.763,117.913,117.396,122.973,124.727,120.762,114.010,106.314,102.536,102.219,103.116,103.400,97.698,90.458,80.694,75.015,72.457,71.933,73.413,71.830,68.941,65.969,62.074,60.225,54.232,48.883,46.309,43.160,38.486,32.813,27.635,23.747,20.558,18.649,17.646,15.742,13.728,12.724,13.057,13.461,13.978,14.921,16.440,17.137,17.559,17.768,17.759,20.180,23.541,26.202,28.680,33.193,40.999,67.277,92.763,110.753,116.593,121.256,122.331,123.256,124.862,126.841,128.321,129.488,130.393,132.265,133.973,132.694,123.519,111.199,101.834,91.399,87.333,85.302,85.162,85.289,85.509,85.633,85.747,86.249,86.465,86.413,86.289,86.235,86.247,86.400,86.563,86.757,86.856,86.967,87.250,87.653,88.657,88.691,88.517,88.534,88.450,88.278,88.320,88.411,88.416,88.261,88.182,87.892,87.440,87.303,87.805,88.496,91.384,92.177,91.821,91.103,90.948,90.481,89.759,89.126,87.295,86.741,85.678,84.996,84.421,82.918,82.232,80.721,80.068,79.282,78.297,77.137,76.221,73.696,71.672,70.049,66.212,63.378,59.914,56.023,45.834,41.573,38.221,36.549,35.726,33.468,30.501,26.098,19.178,13.852,11.850,11.495,11.301,11.249,11.688,6.374,6.201,10.446,36.607,76.851,96.411,107.849,114.116,113.832,113.261,112.472,111.484,111.284,111.373,111.140,111.005,111.221,113.677,116.416,124.248,127.034,127.971,127.797,127.910,130.745,131.993,132.491,132.302,132.276,132.899,133.917,134.710,135.629,136.116,136.086,135.640,135.079,134.357,132.608,126.370,118.126,109.154,99.216,93.386,95.899,98.755,103.448,108.422,114.380,116.195,118.968,119.354,117.844,114.875,109.264,100.609,87.740,81.170,72.932,71.107,69.126,68.207,68.384,68.702,67.648,62.076,57.249,47.177,37.127,29.414,26.185,22.136,21.733,24.513,36.365,65.923,95.518,110.842,129.413,140.996,150.664,155.503,157.368,160.633,163.216,165.059,165.301,165.155,165.254,165.538,165.651,165.662,165.704,165.931,166.501,168.193,169.077,169.530,170.506,171.136,171.413,171.470,171.434,171.237,170.991,171.397,172.038,173.101,176.338,178.296
"Head Rotation Z {0.100}",358.158,358.516,358.873,358.742,358.540,357.911,357.217,357.087,357.841,0.842,3.570,0.783,357.875,359.769,0.389,359.771,359.755,0.053,0.456,1.714,2.404,3.608,2.507,0.742,359.474,359.210,358.336,357.684,356.188,355.306,354.215,353.079,352.709,353.152,352.713,353.388,353.919,354.581,355.421,355.680,355.830,355.955,356.339,356.641,356.441,356.453,356.361,356.046,356.331,356.588,356.476,355.552,354.284,354.053,353.713,354.036,354.721,356.002,356.747,357.939,358.636,358.725,359.042,358.631,357.922,357.428,358.679,358.826,358.777,357.674,356.597,356.647,358.867,3.435,4.777,5.941,6.242,1.046,354.361,352.316,353.761,355.401,355.346,354.462,352.986,352.465,352.276,353.321,354.635,355.403,356.329,358.612,359.897,359.155,358.739,358.420,358.269,358.017,357.336,356.078,355.016,354.871,354.768,353.097,352.684,353.581,356.658,0.274,1.363,1.246,1.600,1.541,1.781,1.581,1.475,0.866,356.846,357.663,0.341,3.939,0.398,0.096,359.743,359.893,0.495,1.286,1.958,2.590,2.944,3.085,3.234,3.023,358.297,353.992,352.039,352.151,352.816,354.124,355.167,355.625,355.726,355.783,355.877,355.922,355.986,355.973,356.006,356.036,356.031,356.075,355.997,355.898,355.802,355.925,356.030,356.155,356.211,356.250,356.298,356.417,356.452,356.484,356.532,356.617,356.805,357.015,357.050,357.066,356.883,357.001,357.073,357.188,357.220,357.174,357.185,357.221,357.217,356.965,356.924,356.846,356.880,356.916,356.965,357.027,357.030,357.071,357.146,357.265,357.364,357.440,357.516,357.544,357.663,357.708,357.784,357.723,357.679,357.687,357.696,357.754,357.732,357.639,357.658,357.698,357.740,357.826,358.059,358.085,358.048,357.891,357.788,357.736,357.751,357.763,357.765,357.817,357.867,357.860,357.672,357.498,357.298,357.103,357.173,357.130,356.881,356.480,356.368,356.584,356.903,356.970,357.030,357.195,357.502,357.841,358.231,358.341,358.390,358.309,358.231,358.183,357.934,357.831,357.796,357.594,357.460,357.424,357.474,358.026,358.275,358.484,358.410,358.481,358.543,358.419,358.439,358.499,358.496,357.530,356.892,356.578,356.484,356.591,356.633,357.331,358.214,358.398,0.520,1.569,2.537,3.543,4.231,4.797,5.684,6.890,8.084,9.718,11.449,12.267,12.517,12.285,11.118,8.984,3.988,359.569,356.061,354.457,354.376,354.223,354.196,352.892,352.813,353.428,353.567,354.698,355.715,355.432,355.376,355.177,355.136,355.368,355.852,356.210,356.522,356.848,357.114,357.193,357.346,358.204,359.142,359.859,0.412,0.555,0.131,359.624,359.307,359.141,358.820,357.130,356.246,355.341,354.144,352.373,349.720,349.056,350.206,350.583,350.974,349.811,349.294,347.981,346.931,346.065,345.865,346.170,346.322,346.323,346.416,346.372,346.381,346.399,347.057,346.960,347.088,347.515,347.766,347.525,347.795,347.861,347.927,347.894,347.694,347.670,348.893,350.344,351.176,350.946,349.751,349.859,352.605,354.114,354.757,354.973,355.270,355.346,355.943,355.931,354.777,355.316,355.547,355.347,354.989,355.618,356.091,357.062,357.179,357.340,357.178,356.910,356.886,356.909,356.413,356.206,356.042,355.946,355.843,355.944,356.014,356.114,356.123,356.114,356.097,356.134,356.238,356.251,356.326,356.274,356.240,356.330,356.238,356.167,356.157,356.164,356.150,356.076,356.054,356.030,356.091,356.180,356.175,356.175,356.180,356.274,356.345,356.770,356.963,356.717,356.536,356.563,356.590,356.498,356.450,356.138,356.032,355.984,355.933,355.901,355.804,355.749,355.669,355.586,355.393,355.254,354.999,354.886,354.700,354.686,354.736,354.890,355.058,355.555,356.166,357.209,357.385,357.223,357.023,356.978,357.165,357.497,357.844,358.126,358.158,356.874,356.025,354.966,354.332,355.999,358.483,0.020,0.208,358.106,355.438,355.414,354.790,354.530,354.832,355.057,355.725,356.774,357.064,357.491,357.880,357.935,358.029,357.884,357.803,357.246,356.774,356.190,356.103,355.872,353.730,353.756,354.019,354.046,354.181,354.228,354.290,354.334,354.203,354.164,354.211,354.337,354.423,354.581,354.786,354.720,354.799,355.286,355.666,355.743,356.713,356.732,357.045,357.815,357.840,357.830,357.534,357.112,356.998,356.722,356.552,355.637,354.856,354.866,355.144,355.343,355.373,354.654,354.397,353.915,353.191,352.277,352.932,354.193,355.118,354.941,354.886,354.563,354.432,354.690,356.153,356.370,358.367,358.870,359.447,359.743,359.354,359.204,359.368,359.851,359.810,359.938,359.754,359.206,359.285,359.595,359.669,359.965,0.190,0.245,0.081,359.977,359.804,359.469,359.134,359.224,358.792,358.590,358.620,358.634,358.922,359.233,359.608,0.169,0.798,0.361
"Player Position X {0.100}",4.275,4.304,4.364,4.554,4.789,5.049,5.291,5.512,5.679,5.679,5.679,5.679,5.679,5.679,5.679,5.679,5.679,5.679,5.679,5.679,5.679,5.679,5.679,5.679,5.505,5.374,5.239,5.059,4.876,4.674,4.502,4.316,4.138,3.955,3.769,3.588,3.414,3.239,3.059,2.878,2.703,2.531,2.368,2.202,2.114,2.114,2.114,2.114,2.114,2.114,2.114,2.114,2.114,2.114,2.114,2.114,2.114,2.114,2.114,2.114,2.114,2.114,2.114,2.114,2.114,2.114,2.025,1.833,1.649,1.467,1.288,1.107,1.107,1.107,1.011,0.794,0.587,0.485,0.485,0.485,0.485,0.485,0.485,0.485,0.485,0.485,0.485,0.520,0.548,0.579,0.601,0.606,0.606,0.606,0.606,0.606,0.606,0.606,0.542,0.406,0.267,0.142,0.142,0.088,-0.033,-0.033,-0.033,-0.033,-0.033,-0.033,0.010,0.118,0.275,0.275,0.275,0.275,0.275,0.275,0.275,0.275,0.275,0.275,0.275,0.275,0.275,0.275,0.275,0.275,0.250,0.221,0.159,0.126,0.126,0.126,0.126,0.126,0.126,0.126,0.126,0.126,0.155,0.173,0.208,0.227,0.262,0.296,0.330,0.348,0.381,0.414,0.445,0.476,0.501,0.520,0.534,0.548,0.556,0.565,0.574,0.589,0.605,0.613,0.622,0.630,0.638,0.651,0.661,0.669,0.674,0.677,0.679,0.681,0.683,0.685,0.687,0.689,0.690,0.693,0.696,0.700,0.704,0.708,0.712,0.716,0.720,0.723,0.723,0.720,0.708,0.697,0.685,0.674,0.666,0.663,0.668,0.680,0.691,0.701,0.709,0.707,0.695,0.681,0.667,0.645,0.625,0.605,0.584,0.565,0.549,0.530,0.512,0.493,0.482,0.486,0.501,0.517,0.531,0.531,0.531,0.531,0.531,0.522,0.521,0.530,0.543,0.551,0.560,0.554,0.548,0.539,0.528,0.516,0.508,0.503,0.496,0.489,0.480,0.472,0.462,0.454,0.444,0.434,0.422,0.412,0.402,0.394,0.394,0.394,0.391,0.385,0.378,0.367,0.356,0.345,0.332,0.320,0.308,0.305,0.323,0.357,0.395,0.427,0.441,0.438,0.418,0.390,0.354,0.314,0.272,0.229,0.190,0.162,0.144,0.143,0.150,0.155,0.158,0.161,0.174,0.200,0.234,0.285,0.342,0.408,0.464,0.518,0.561,0.600,0.637,0.671,0.707,0.740,0.768,0.788,0.803,0.827,0.857,0.900,0.938,0.982,1.037,1.093,1.148,1.203,1.278,1.345,1.399,1.444,1.490,1.490,1.524,1.588,1.649,1.713,1.782,1.847,1.904,1.959,2.012,2.012,2.012,2.073,2.135,2.198,2.229,2.229,2.229,2.229,2.265,2.265,2.338,2.420,2.504,2.589,2.626,2.668,2.668,2.668,2.668,2.668,2.668,2.668,2.668,2.668,2.668,2.668,2.668,2.668,2.668,2.668,2.668,2.668,2.668,2.668,2.668,2.699,2.737,2.780,2.860,2.932,2.975,3.003,3.023,3.043,3.082,3.133,3.182,3.227,3.273,3.320,3.366,3.417,3.476,3.534,3.592,3.649,3.702,3.754,3.805,3.863,3.916,3.970,4.027,4.088,4.147,4.208,4.268,4.326,4.387,4.444,4.503,4.560,4.617,4.676,4.732,4.789,4.849,4.907,4.965,5.023,5.079,5.135,5.194,5.253,5.307,5.361,5.417,5.477,5.537,5.595,5.654,5.712,5.769,5.826,5.882,5.946,6.006,6.069,6.125,6.182,6.239,6.294,6.348,6.457,6.574,6.682,6.794,6.910,7.017,7.133,7.240,7.350,7.452,7.556,7.662,7.778,7.892,8.013,8.131,8.240,8.357,8.414,8.414,8.414,8.480,8.625,8.770,8.921,8.921,8.921,8.921,8.921,8.921,8.921,8.921,8.921,8.921,9.027,9.165,9.322,9.426,9.542,9.643,9.718,9.761,9.812,9.914,10.023,10.125,10.226,10.329,10.439,10.543,10.685,10.836,10.975,11.076,11.227,11.373,11.474,11.617,11.761,11.860,12.004,12.109,12.245,12.347,12.347,12.347,12.347,12.347,12.437,12.569,12.703,12.834,12.968,13.104,13.233,13.343,13.413,13.413,13.495,13.616,13.745,13.866,13.983,14.110,14.233,14.358,14.491,14.612,14.729,14.839,14.936,15.029,15.121,15.219,15.316,15.424,15.531,15.637,15.749,15.872,15.990,16.030,16.030,16.030,16.030,16.030,16.030,16.030,16.030,16.030,16.030,16.030,16.030,16.160,16.290,16.420,16.484,16.504,16.509,16.519,16.540,16.561,16.575,16.589,16.605,16.616,16.626,16.636,16.646,16.652,16.659,16.663,16.665,16.666,16.686,16.732,16.780,16.825,16.887,16.911,16.886,16.838,16.790
"Player Position Y {0.100}",0.000,0.000,0.000,0.000,0.000,0.000,0.000,0.000,0.000,0.000,0.000,0.000,0.000,0.000,0.000,0.000,0.000,0.000,0.000,0.000,0.000,0.000,0.000,0.000,0.000,0.000,0.000,0.000,0.000,0.000,0.000,0.000,0.000,0.000,0.000,0.000,0.000,0.000,0.000,0.000,0.000,0.000,0.000,0.000,0.000,0.000,0.000,0.000,0.000,0.000,0.000,0.000,0.000,0.000,0.000,0.000,0.000,0.000,0.000,0.000,0.000,0.000,0.000,0.000,0.000,0.000,0.000,0.000,0.000,0.000,0.000,0.000,0.000,0.000,0.000,0.000,0.000,0.000,0.000,0.000,0.000,0.000,0.000,0.000,0.000,0.000,0.000,0.000,0.000,0.000,0.000,0.000,0.000,0.000,0.000,0.000,0.000,0.000,0.000,0.000,0.000,0.000,0.000,0.000,0.000,0.000,0.000,0.000,0.000,0.000,0.000,0.000,0.000,0.000,0.000,0.000,0.000,0.000,0.000,0.000,0.000,0.000,0.000,0.000,0.000,0.000,0.000,0.000,0.000,0.000,0.000,0.000,0.000,0.000,0.000,0.000,0.000,0.000,0.000,0.000,0.000,0.000,0.000,0.000,0.000,0.000,0.000,0.000,0.000,0.000,0.000,0.000,0.000,0.000,0.000,0.000,0.000,0.000,0.000,0.000,0.000,0.000,0.000,0.000,0.000,0.000,0.000,0.000,0.000,0.000,0.000,0.000,0.000,0.000,0.000,0.000,0.000,0.000,0.000,0.000,0.000,0.000,0.000,0.000,0.000,0.000,0.000,0.000,0.000,0.000,0.000,0.000,0.000,0.000,0.000,0.000,0.000,0.000,0.000,0.000,0.000,0.000,0.000,0.000,0.000,0.000,0.000,0.000,0.000,0.000,0.000,0.000,0.000,0.000,0.000,0.000,0.000,0.000,0.000,0.000,0.000,0.000,0.000,0.000,0.000,0.000,0.000,0.000,0.000,0.000,0.000,0.000,0.000,0.000,0.000,0.000,0.000,0.000,0.000,0.000,0.000,0.000,0.000,0.000,0.000,0.000,0.000,0.000,0.000,0.000,0.000,0.000,0.000,0.000,0.000,0.000,0.000,0.000,0.000,0.000,0.000,0.000,0.000,0.000,0.000,0.000,0.000,0.000,0.000,0.000,0.000,0.000,0.000,0.000,0.000,0.000,0.000,0.000,0.000,0.000,0.000,0.000,0.000,0.000,0.000,0.000,0.000,0.000,0.000,0.000,0.000,0.000,0.000,0.000,0.000,0.000,0.000,0.000,0.000,0.000,0.000,0.000,0.000,0.000,0.000,0.000,0.000,0.000,0.000,0.000,0.000,0.000,0.000,0.000,0.000,0.000,0.000,0.000,0.000,0.000,0.000,0.000,0.000,0.000,0.000,0.000,0.000,0.000,0.000,0.000,0.000,0.000,0.000,0.000,0.000,0.000,0.000,0.000,0.000,0.000,0.000,0.000,0.000,0.000,0.000,0.000,0.000,0.000,0.000,0.000,0.000,0.000,0.000,0.000,0.000,0.000,0.000,0.000,0.000,0.000,0.000,0.000,0.000,0.000,0.000,0.000,0.000,0.000,0.000,0.000,0.000,0.000,0.000,0.000,0.000,0.000,0.000,0.000,0.000,0.000,0.000,0.000,0.000,0.000,0.000,0.000,0.000,0.000,0.000,0.000,0.000,0.000,0.000,0.000,0.000,0.000,0.000,0.000,0.000,0.000,0.000,0.000,0.000,0.000,0.000,0.000,0.000,0.000,0.000,0.000,0.000,0.000,0.000,0.000,0.000,0.000,0.000,0.000,0.000,0.000,0.000,0.000,0.000,0.000,0.000,0.000,0.000,0.000,0.000,0.000,0.000,0.000,0.000,0.000,0.000,0.000,0.000,0.000,0.000,0.000,0.000,0.000,0.000,0.000,0.000,0.000,0.000,0.000,0.000,0.000,0.000,0.000,0.000,0.000,0.000,0.000,0.000,0.000,0.000,0.000,0.000,0.000,0.000,0.000,0.000,0.000,0.000,0.000,0.000,0.000,0.000,0.000,0.000,0.000,0.000,0.000,0.000,0.000,0.000,0.000,0.000,0.000,0.000,0.000,0.000,0.000,0.000,0.000,0.000,0.000,0.000,0.000,0.000,0.000,0.000,0.000,0.000,0.000,0.000,0.000,0.000,0.000,0.000,0.000,0.000,0.000,0.000,0.000,0.000,0.000,0.000,0.000,0.000,0.000,0.000,0.000,0.000,0.000,0.000,0.000,0.000,0.000,0.000,0.000,0.000,0.000,0.000,0.000,0.000,0.000,0.000,0.000,0.000,0.000,0.000,0.000,0.000,0.000,0.000,0.000,0.000,0.000,0.000,0.000,0.000,0.000,0.000,0.000,0.000,0.000,0.000,0.000,0.000,0.000,0.000,0.000,0.000,0.000,0.000,0.000,0.000,0.000,0.000,0.000,0.000,0.000
"Player Position Z {0.100}",11.233,11.368,11.404,11.433,11.445,11.428,11.420,11.403,11.300,11.300,11.300,11.300,11.300,11.300,11.300,11.300,11.300,11.300,11.300,11.300,11.300,11.300,11.300,11.300,11.209,11.033,10.855,10.760,10.763,10.858,10.974,11.067,11.123,11.145,11.146,11.117,11.082,11.040,10.979,10.921,10.870,10.823,10.783,10.747,10.730,10.730,10.730,10.730,10.730,10.730,10.730,10.730,10.730,10.730,10.730,10.730,10.730,10.730,10.730,10.730,10.730,10.730,10.730,10.730,10.730,10.730,10.754,10.804,10.851,10.891,10.914,10.929,10.929,10.929,10.980,11.097,11.180,11.175,11.175,11.175,11.175,11.175,11.175,11.175,11.175,11.175,11.175,11.023,10.864,10.698,10.543,10.464,10.464,10.464,10.464,10.464,10.464,10.464,10.408,10.288,10.154,10.021,10.021,10.087,10.239,10.239,10.239,10.239,10.239,10.239,10.429,10.613,10.781,10.781,10.781,10.781,10.781,10.781,10.781,10.781,10.781,10.781,10.781,10.781,10.781,10.781,10.781,10.781,10.783,10.780,10.759,10.742,10.742,10.742,10.742,10.742,10.742,10.742,10.742,10.742,10.664,10.616,10.528,10.482,10.394,10.310,10.223,10.178,10.093,10.008,9.923,9.838,9.749,9.664,9.580,9.496,9.446,9.395,9.345,9.260,9.172,9.125,9.073,9.026,8.979,8.892,8.807,8.721,8.639,8.558,8.478,8.396,8.312,8.228,8.147,8.063,8.016,7.926,7.836,7.757,7.676,7.589,7.510,7.431,7.349,7.266,7.187,7.112,7.037,6.961,6.887,6.812,6.739,6.665,6.585,6.496,6.411,6.329,6.250,6.170,6.092,6.017,5.944,5.873,5.804,5.735,5.661,5.593,5.526,5.449,5.378,5.304,5.235,5.159,5.077,4.998,4.922,4.922,4.922,4.922,4.922,4.846,4.774,4.698,4.619,4.541,4.463,4.392,4.320,4.245,4.171,4.097,4.027,3.946,3.870,3.796,3.723,3.649,3.572,3.506,3.431,3.362,3.289,3.224,3.159,3.090,3.020,2.945,2.876,2.809,2.747,2.683,2.620,2.558,2.494,2.431,2.365,2.298,2.234,2.175,2.119,2.059,1.995,1.932,1.871,1.814,1.760,1.707,1.661,1.614,1.565,1.511,1.450,1.389,1.325,1.263,1.202,1.142,1.087,1.032,0.989,0.953,0.937,0.942,0.966,1.008,1.061,1.122,1.164,1.191,1.213,1.209,1.183,1.152,1.119,1.086,1.055,1.023,0.992,0.964,0.943,0.923,0.904,0.893,0.896,0.896,0.876,0.854,0.828,0.828,0.832,0.841,0.859,0.885,0.910,0.920,0.921,0.907,0.879,0.879,0.879,0.849,0.817,0.779,0.760,0.760,0.760,0.760,0.747,0.747,0.703,0.657,0.614,0.567,0.529,0.490,0.490,0.490,0.490,0.490,0.490,0.490,0.490,0.490,0.490,0.490,0.490,0.490,0.490,0.490,0.490,0.490,0.490,0.490,0.490,0.519,0.551,0.578,0.595,0.578,0.539,0.481,0.423,0.360,0.314,0.275,0.237,0.197,0.154,0.105,0.070,0.041,0.020,0.011,0.018,0.032,0.058,0.089,0.122,0.155,0.184,0.213,0.225,0.230,0.237,0.246,0.255,0.264,0.274,0.283,0.291,0.298,0.305,0.312,0.319,0.329,0.342,0.351,0.359,0.369,0.384,0.387,0.384,0.374,0.355,0.329,0.309,0.299,0.302,0.315,0.329,0.340,0.347,0.351,0.354,0.358,0.363,0.369,0.375,0.382,0.389,0.398,0.407,0.426,0.448,0.470,0.496,0.520,0.524,0.526,0.498,0.464,0.434,0.406,0.382,0.378,0.383,0.391,0.397,0.407,0.424,0.430,0.430,0.430,0.436,0.445,0.455,0.471,0.471,0.471,0.471,0.471,0.471,0.471,0.471,0.471,0.471,0.623,0.754,0.825,0.817,0.751,0.660,0.535,0.447,0.432,0.424,0.437,0.453,0.468,0.477,0.475,0.472,0.466,0.459,0.459,0.455,0.447,0.439,0.434,0.423,0.407,0.394,0.377,0.364,0.346,0.331,0.331,0.331,0.331,0.331,0.300,0.257,0.224,0.197,0.182,0.192,0.225,0.276,0.317,0.317,0.336,0.357,0.375,0.385,0.370,0.340,0.309,0.279,0.256,0.247,0.254,0.294,0.344,0.404,0.471,0.532,0.564,0.590,0.589,0.565,0.538,0.498,0.454,0.439,0.439,0.439,0.439,0.439,0.439,0.439,0.439,0.439,0.439,0.439,0.439,0.399,0.352,0.299,0.187,0.102,0.011,-0.126,-0.250,-0.383,-0.472,-0.498,-0.506,-0.511,-0.518,-0.525,-0.536,-0.545,-0.585,-0.685,-0.777,-0.876,-0.951,-1.003,-1.056,-1.103,-1.184,-1.276,-1.376,-1.505,-1.594
"Object Viewed by Player {0.100}","Wall_right_311 from [204.11] to [206.18]","Ground_311 from [206.18] to [207.43]","Wall_right_311 from [207.43] to [207.64]","Bathroom_Door_311 from [207.64] to [207.83]","Wall_bathroom_door_311 from [207.83] to [208.02]","Door_311 from [208.02] to [208.21]","Door_handle_311 from [208.21] to [208.39]","Door_frame_right_311 from [208.39] to [208.57]","Closet_311 from [208.57] to [208.76]","Closet_door_left_311 from [208.76] to [208.93]","Door_311 from [208.93] to [209.46]","SmokePlane (07) from [209.46] to [210.58]","Door_311 from [210.58] to [213.86]","NPC_Hurt_TriggerHelp from [213.86] to [215.51]","NPC Evacuation Trigger from [215.51] to [216.14]","Wall_door_308 from [216.14] to [216.48]","Door from [216.48] to [216.61]","NPC_Hurt_Grabbable from [216.61] to [219.47]","Corridor_column from [219.47] to [219.91]","Wall_door_310 from [219.91] to [220.21]","Corridor_column from [220.21] to [220.77]","Wall_door_310 from [220.77] to [221.05]","NPC_Hurt_Grabbable from [221.05] to [222.04]","Door from [222.04] to [222.21]","Wall_door_310 from [222.21] to [222.53]","Door from [222.53] to [222.70]","SmokePlane (25) from [222.70] to [224.79]","Door from [224.79] to [224.94]","Wall_door_310 from [224.94] to [225.07]","SmokePlane (24) from [225.07] to [226.29]","SmokePlane (3) from [226.29] to [228.52]","SmokePlane (2) from [228.52] to [230.74]","SmokePlane (22) from [230.74] to [232.96]","SmokePlane (1) from [232.96] to [235.14]","SmokePlane (21) from [235.14] to [235.32]","SmokePlane (26) from [235.32] to [237.11]","SmokePlane (21) from [237.11] to [237.27]","SmokePlane (14) from [237.27] to [239.95]","SmokePlane (15) from [239.95] to [242.44]","SmokePlane (17) from [242.44] to [242.86]","NPC Leonard from [242.86] to [243.00]","SmokePlane (17) from [243.00] to [246.34]","NPC Roth from [246.34] to [246.71]","NPC Megan from [246.71] to [247.11]","Door_frame_right_317 from [247.11] to [247.24]","Wall_door_317 from [247.24] to [247.49]","Door from [247.49] to [247.88]","Wall_door_318 from [247.88] to [248.01]","NPC Megan from [248.01] to [248.28]","SmokePlane (18) from [248.28] to [248.57]","SmokePlane (33) from [248.57] to [249.01]","NPC Elizabeth from [249.01] to [250.47]","SmokePlane (33) from [250.47] to [251.04]","NPC Elizabeth from [251.04] to [251.20]","SmokePlane (33) from [251.20] to [252.25]","SmokePlane (19) from [252.25] to [254.51]","Wall_right_315 from [254.51] to [258.20]","Corridor_column from [258.20] to [258.35]","Corridor_wall_west from [258.35] to [258.47]","Wall_door_320 from [258.47] to [258.60]","Door from [258.60] to [259.10]","Wall_door_319 from [259.10] to [259.47]","Corridor_column from [259.47] to [260.08]","Door from [260.08] to [260.20]","Wall_door_320 from [260.20] to [260.32]","Corridor_column from [260.32] to [260.44]","Corridor_wall_west from [260.44] to [260.68]","Corridor_column from [260.68] to [261.42]","Corridor_wall_west from [261.42] to [262.14]","NPC Sophie from [262.14] to [263.07]","Corridor_wall_west from [263.07] to [265.78]","NPC Sophie from [265.78] to [266.12]","Corridor_column from [266.12] to [266.23]","Corridor_Wall_02 from [266.23] to [266.34]","Corridor_column from [266.34] to [267.13]","Corridor_Wall_02 from [267.13] to [270.96]","Corridor_column from [270.96] to [271.10]","Corridor_wall_west from [271.10] to [271.24]","NPC Sophie from [271.24] to [271.39]","Wall_door_322 from [271.39] to [271.65]","NPC Sophie from [271.65] to [271.96]","Wall_door_322 from [271.96] to [275.40]","Corridor_column from [275.40] to [275.67]","Emergency_door_north_frame_right from [275.67] to [275.79]","Corridor_wall_west from [275.79] to [276.41]","Emergency_door_north_door_right from [276.41] to [276.54]","Emergency_door_north_door_left from [276.54] to [277.30]","Emergency_door_north_door_right from [277.30] to [277.41]","Corridor_wall_west from [277.41] to [277.75]","Corridor_Wall_02 from [277.75] to [279.95]","Corridor_wall_west from [279.95] to [280.17]","Emergency_door_north_door_right from [280.17] to [280.56]","EndZone_North from [280.56] to [280.70]","Emergency_door_north_door_right from [280.70] to [280.84]","EndZone_North from [280.84] to [281.05]","Emergency_door_north_door_left from [281.05] to [282.56]"
"Simulation Timings {0.200}","Begining : [204.1]"
"Helping Timing {0.100}"," Helping from [221.85] to [265.89]"
