"Player Height {0.100}","Head Rotation X {0.100}","Head Rotation Y {0.100}","Head Rotation Z {0.100}","Player Position X {0.100}","Player Position Y {0.100}","Player Position Z {0.100}","Object Viewed by Player {0.100}","Simulation Timings {0.200}","Helping Timing {0.100}"
1.601,32.561,132.270,353.008,3.882,0.000,10.915,"Bed_duvet from [74.44] to [74.67]","Begining : [74.4]"," Helping from [88.24] to [103.37]"
1.610,28.639,127.636,353.008,3.882,0.000,10.915,"Wall_window_311 from [74.67] to [75.24]",," Helping from [107.60] to [135.22]"
1.630,20.635,120.868,354.417,3.971,0.000,10.957,"Small_Window_Right_311 from [75.24] to [75.36]",,
1.644,15.170,117.494,355.512,4.040,0.000,11.059,"Wall_window_311 from [75.36] to [75.48]",,
1.647,13.758,117.802,356.193,4.105,0.000,11.184,"Wall_right_311 from [75.48] to [76.43]",,
1.655,10.498,119.442,357.089,4.160,0.000,11.293,"Bed_cushion_right from [76.43] to [76.58]",,
1.658,8.710,121.600,357.594,4.212,0.000,11.389,"Bed_duvet from [76.58] to [76.86]",,
1.664,5.810,126.634,358.153,4.234,0.000,11.381,"Wall_right_311 from [76.86] to [77.02]",,
1.668,3.976,131.221,358.712,4.205,0.000,11.293,"Wall_bathroom_door_31 from [77.02] to [77.30]",,
1.670,3.189,133.735,358.877,4.152,0.000,11.190,"TriggerHelp from [77.30] to [79.57]",,
1.673,1.936,138.974,358.705,4.097,0.000,11.081,"Closet_door_right_311 from [79.57] to [79.70]",,
1.675,1.436,144.686,358.824,4.041,0.000,10.968,"TriggerHelp from [79.70] to [83.04]",,
1.677,1.071,148.165,358.835,3.948,0.000,10.891,"Door_311 from [83.04] to [83.56]",,
1.681,0.257,157.880,358.723,3.804,0.000,10.778,"TriggerHelp from [83.56] to [85.64]",,
1.683,0.604,169.161,358.869,3.716,0.000,10.750,"NPC Evacuation Trigger from [85.64] to [86.48]",,
1.670,9.643,172.952,0.359,3.716,0.000,10.750,"NPC Grabbable from [86.48] to [88.35]",,
1.649,20.229,162.800,358.406,3.716,0.000,10.750,"Wall_door_30 from [88.35] to [89.45]",,
1.638,24.829,154.008,356.743,3.716,0.000,10.750,"Door_frame_left_30 from [89.45] to [89.58]",,
1.636,25.705,154.619,356.535,3.716,0.000,10.750,"Wall_door_30 from [89.58] to [89.97]",,
1.649,20.815,171.220,359.346,3.716,0.000,10.750,"Wall_door_30 from [89.97] to [90.12]",,
1.665,12.832,205.510,1.903,3.716,0.000,10.750,"Corridor_floor_north_south_01 from [90.12] to [90.91]",,
1.674,6.254,249.545,1.248,3.716,0.000,10.750,"Door_frame_right_30 from [90.91] to [91.07]",,
1.674,5.304,266.115,1.030,3.716,0.000,10.750,"Wall_door_30 from [91.07] to [91.37]",,
1.673,5.468,272.055,0.903,3.716,0.000,10.750,"SmokePlane (3) from [91.37] to [92.62]",,
1.673,5.695,273.516,0.512,3.716,0.000,10.750,"Wall_door_30 from [92.62] to [92.92]",,
1.672,6.108,273.882,0.100,3.695,0.000,10.859,"Door_30 from [92.92] to [93.08]",,
1.672,6.644,272.726,359.598,3.759,0.000,11.016,"NPC Louise from [93.08] to [93.24]",,
1.672,6.899,270.764,359.185,3.822,0.000,11.184,"Door_frame_right_30 from [93.24] to [93.39]",,
1.672,7.041,268.001,358.892,3.860,0.000,11.291,"Wall_door_311 from [93.39] to [93.67]",,
1.671,7.491,265.826,358.920,3.841,0.000,11.305,"TriggerHelp from [93.67] to [93.97]",,
1.670,7.755,264.266,359.261,3.752,0.000,11.341,"SmokePlane (11) from [93.97] to [94.25]",,
1.670,8.066,263.364,359.479,3.652,0.000,11.347,"Wall_door_311 from [94.25] to [94.52]",,
1.669,8.342,262.618,359.922,3.522,0.000,11.347,"SmokePlane (2) from [94.52] to [96.19]",,
1.668,8.505,261.949,0.249,3.407,0.000,11.352,"SmokePlane (22) from [96.19] to [98.35]",,
1.668,8.753,261.324,0.436,3.297,0.000,11.345,"SmokePlane (1) from [98.35] to [99.32]",,
1.667,8.906,260.774,0.754,3.205,0.000,11.255,"NPC Suzie from [99.32] to [99.45]",,
1.667,9.136,260.111,0.949,3.087,0.000,11.194,"SmokePlane (1) from [99.45] to [101.23]",,
1.667,9.441,259.625,1.071,3.058,0.000,11.037,"SmokePlane (21) from [101.23] to [102.46]",,
1.666,9.592,259.675,1.012,3.042,0.000,10.868,"Wall_door_30 from [102.46] to [102.58]",,
1.666,9.754,260.400,0.813,3.027,0.000,10.795,"SmokePlane (07) from [102.58] to [103.20]",,
1.666,9.891,261.836,0.518,3.006,0.000,10.788,"SmokePlane (09) from [103.20] to [104.31]",,
1.666,10.130,263.829,0.193,2.879,0.000,10.821,"SmokePlane (1) from [104.31] to [107.39]",,
1.665,10.383,264.505,359.828,2.744,0.000,10.919,"NPC Grabbable from [107.39] to [107.82]",,
1.664,10.741,264.163,359.548,2.602,0.000,11.014,"SmokePlane (21) from [107.82] to [110.16]",,
1.662,11.821,263.337,359.400,2.602,0.000,11.014,"NPC Leonard from [110.16] to [110.28]",,
1.659,13.515,261.945,359.842,2.602,0.000,11.014,"SmokePlane (07) from [110.28] to [110.69]",,
1.657,14.436,260.204,359.663,2.602,0.000,11.014,"Wall_door_30 from [110.69] to [111.20]",,
1.654,15.534,257.814,359.923,2.507,0.000,10.982,"SmokePlane (21) from [111.20] to [111.47]",,
1.652,16.368,256.229,0.126,2.403,0.000,10.991,"SmokePlane (14) from [111.47] to [111.60]",,
1.649,17.257,256.358,0.234,2.291,0.000,11.017,"SmokePlane (15) from [111.60] to [111.87]",,
1.646,18.292,257.143,0.338,2.233,0.000,11.030,"SmokePlane (14) from [111.87] to [114.11]",,
1.642,19.614,257.388,0.472,2.233,0.000,11.030,"SmokePlane (15) from [114.11] to [114.24]",,
1.636,21.043,256.369,0.311,2.233,0.000,11.030,"SmokePlane (26) from [114.24] to [115.00]",,
1.628,22.152,255.334,0.089,2.233,0.000,11.030,"SmokePlane (17) from [115.00] to [121.35]",,
1.618,21.851,255.130,359.957,2.233,0.000,11.030,"Door_30 from [121.35] to [121.63]",,
1.598,20.279,254.552,359.938,2.233,0.000,11.030,"NPC Elizabeth from [121.63] to [121.77]",,
1.575,19.340,254.219,359.228,2.233,0.000,11.030,"Wall_door_30 from [121.77] to [121.92]",,
1.562,19.854,253.732,358.239,2.233,0.000,11.030,"Door_frame_right_30 from [121.92] to [122.20]",,
1.562,20.088,252.832,357.965,2.233,0.000,11.030,"Wall_door_30 from [122.20] to [122.86]",,
1.562,18.988,252.757,357.386,2.233,0.000,11.030,"Door_30 from [122.86] to [123.01]",,
1.544,16.435,253.468,355.915,2.233,0.000,11.030,"Wall_door_30 from [123.01] to [123.24]",,
1.510,15.339,254.658,354.968,2.233,0.000,11.030,"SmokePlane (18) from [123.24] to [123.79]",,
1.482,15.879,254.483,353.552,2.233,0.000,11.030,"SmokePlane (23) from [123.79] to [124.31]",,
1.480,17.084,254.378,353.628,2.233,0.000,11.030,"SmokePlane (18) from [124.31] to [126.27]",,
1.510,16.319,253.622,354.518,2.233,0.000,11.030,"SmokePlane (33) from [126.27] to [129.28]",,
1.551,14.857,252.594,356.503,2.233,0.000,11.030,"SmokePlane (19) from [129.28] to [131.22]",,
1.595,13.974,252.921,357.476,2.233,0.000,11.030,"NPC Joe from [131.22] to [131.54]",,
1.625,17.376,254.546,359.134,2.233,0.000,11.030,"NPC Elizabeth from [131.54] to [132.09]",,
1.634,21.370,258.097,359.674,2.233,0.000,11.030,"NPC Joe from [132.09] to [132.51]",,
1.630,22.710,262.741,0.249,2.233,0.000,11.030,"NPC Elizabeth from [132.51] to [132.62]",,
1.630,20.958,266.626,1.518,2.233,0.000,11.030,"Corridor_wall_west from [132.62] to [134.10]",,
1.630,20.536,268.855,1.858,2.233,0.000,11.030,"Corridor_Wall_02 from [134.10] to [134.21]",,
1.631,20.479,270.038,2.215,2.233,0.000,11.030,"Wall_right_30 from [134.21] to [135.51]",,
1.637,18.252,271.086,2.064,2.233,0.000,11.030,"Wall_door_30 from [135.51] to [135.63]",,
1.648,12.638,270.398,1.881,2.233,0.000,11.030,"NPC Elizabeth from [135.63] to [135.74]",,
1.664,5.397,269.304,1.352,2.172,0.000,11.096,"NPC Grabbable from [135.74] to [135.84]",,
1.673,2.158,269.583,0.784,2.131,0.000,11.166,"NPC Elizabeth from [135.84] to [136.10]",,
1.675,1.583,269.380,0.566,2.089,0.000,11.239,"Wall_door_30 from [136.10] to [136.24]",,
1.677,1.407,266.386,0.431,2.082,0.000,11.235,"Wall_door_30 from [136.24] to [136.34]",,
1.675,2.743,263.466,0.837,2.044,0.000,11.156,"Door_30 from [136.34] to [136.48]",,
1.673,3.975,262.999,1.110,1.994,0.000,11.063,"Wall_door_30 from [136.48] to [136.73]",,
1.666,8.928,264.576,1.517,1.917,0.000,11.030,"Wall_door_30 from [136.73] to [137.23]",,
1.656,14.616,267.872,2.285,1.815,0.000,11.049,"Wall_door_30 from [137.23] to [137.38]",,
1.653,15.945,269.488,2.441,1.723,0.000,11.075,"Door_30 from [137.38] to [137.52]",,
1.652,16.569,269.697,2.410,1.631,0.000,11.115,"Door_frame_left_30 from [137.52] to [137.66]",,
1.652,16.667,268.831,2.093,1.534,0.000,11.154,"Door_30 from [137.66] to [137.80]",,
1.653,16.734,266.121,1.385,1.436,0.000,11.189,"NPC Grabbable from [137.80] to [137.94]",,
1.652,17.542,263.699,1.176,1.388,0.000,11.087,"Corridor_ceiling_east_west_02 from [137.94] to [138.08]",,
1.650,18.673,262.580,1.283,1.347,0.000,10.963,"Corridor_ceiling_east_west_01 from [138.08] to [138.22]",,
1.646,20.550,262.260,1.539,1.314,0.000,10.873,"Corridor_ceiling_east_west_02 from [138.22] to [138.91]",,
1.644,21.371,263.731,1.876,1.276,0.000,10.865,"Corridor_ceiling_east_west_01 from [138.91] to [139.06]",,
1.642,22.051,266.832,2.387,1.200,0.000,10.888,"Emergency_door_north_wall from [139.06] to [139.20]",,
1.640,22.835,267.799,2.370,1.125,0.000,10.934,"Emergency_door_north_frame_top from [139.20] to [139.46]",,
1.638,24.039,267.219,2.487,1.049,0.000,10.976,"Emergency_door_north_door_right from [139.46] to [140.00]",,
1.636,25.389,266.523,2.650,1.049,0.000,10.976,"Emergency_door_north_frame_left from [140.00] to [140.14]",,
1.633,26.849,264.811,2.394,1.049,0.000,10.976,"Corridor_wall_west from [140.14] to [140.27]",,
1.635,25.806,262.949,1.957,1.049,0.000,10.976,"NPC Sophie from [140.27] to [140.52]",,
1.641,23.075,261.399,1.798,1.049,0.000,10.976,"Corridor_wall_west from [140.52] to [141.17]",,
1.654,16.208,260.892,1.454,1.049,0.000,10.976,"Emergency_door_north_frame_right from [141.17] to [141.29]",,
1.664,10.871,261.951,1.398,1.049,0.000,10.976,"Corridor_floor_east_west_02 from [141.29] to [143.30]",,
1.667,9.183,263.237,1.607,1.049,0.000,10.976,"Corridor_wall_west from [143.30] to [143.42]",,
1.668,9.177,263.505,1.434,1.033,0.000,10.854,"NPC Sophie from [143.42] to [143.53]",,
1.668,9.177,263.841,1.378,1.016,0.000,10.728,"Corridor_wall_west from [143.53] to [143.76]",,
1.667,9.381,264.254,1.414,1.000,0.000,10.590,"Corridor_ceiling_east_west_02 from [143.76] to [144.12]",,
1.666,9.883,266.693,1.666,0.930,0.000,10.543,"Corridor_ceiling_east_west_01 from [144.12] to [144.24]",,
1.666,9.904,269.570,1.885,0.821,0.000,10.592,"Corridor_ceiling_east_west_02 from [144.24] to [144.35]",,
1.666,9.799,271.113,1.939,0.729,0.000,10.649,"Corridor_ceiling_east_west_01 from [144.35] to [144.47]",,
1.666,10.229,273.980,1.965,0.642,0.000,10.713,"Corridor_ceiling_east_west_02 from [144.47] to [144.81]",,
1.664,10.973,273.470,1.775,0.642,0.000,10.713,"Corridor_ceiling_east_west_01 from [144.81] to [145.05]",,
1.663,11.806,273.008,1.870,0.651,0.000,10.635,"Corridor_ceiling_east_west_02 from [145.05] to [145.16]",,
1.659,13.975,271.931,2.105,0.662,0.000,10.578,"Corridor_ceiling_east_west_01 from [145.16] to [145.27]",,
1.658,14.499,271.869,2.354,0.662,0.000,10.578,"Corridor_ceiling_east_west_02 from [145.27] to [147.47]",,
1.656,15.385,271.365,2.682,0.662,0.000,10.578,"Corridor_wall_west from [147.47] to [148.01]",,
1.656,15.594,269.600,2.685,0.662,0.000,10.578,"Emergency_door_north_frame_left from [148.01] to [148.12]",,
1.657,15.577,271.224,2.736,0.662,0.000,10.578,"Corridor_wall_west from [148.12] to [148.22]",,
1.655,16.281,276.566,2.851,0.662,0.000,10.578,"NPC Sophie from [148.22] to [148.64]",,
1.652,17.038,286.694,3.970,0.662,0.000,10.578,"Corridor_wall_west from [148.64] to [149.06]",,
1.647,18.210,300.009,6.186,0.662,0.000,10.578,"Emergency_door_north_door_right from [149.06] to [149.72]",,
1.645,18.688,303.544,6.629,0.662,0.000,10.578,"Corridor_wall_west from [149.72] to [150.24]",,
1.642,19.877,305.213,6.974,0.662,0.000,10.578,"Emergency_door_north_frame_left from [150.24] to [150.35]",,
1.641,21.202,295.018,6.348,0.662,0.000,10.578,"Emergency_door_north_door_right from [150.35] to [152.71]",,
1.641,21.563,270.414,3.689,0.662,0.000,10.578,"NPC Sophie from [152.71] to [153.48]",,
1.641,22.009,236.370,0.322,0.662,0.000,10.578,"Emergency_door_north_door_right from [153.48] to [154.14]",,
1.644,21.525,207.610,356.278,0.662,0.000,10.578,"EndZone_North from [154.14] to [154.28]",,
1.646,20.808,196.451,355.406,0.662,0.000,10.578,"Emergency_door_north_door_left from [154.28] to [154.68]",,
1.646,20.671,193.783,355.807,0.642,0.000,10.545,"Door_30 from [154.68] to [154.83]",,
1.646,20.196,192.869,356.404,0.602,0.000,10.478,"Door_frame_right_30 from [154.83] to [155.00]",,
1.650,17.983,192.095,356.417,0.559,0.000,10.414,"Wall_door_30 from [155.00] to [155.69]",,
1.657,14.761,190.726,356.341,0.518,0.000,10.348,"Door_30 from [155.69] to [155.81]",,
1.663,11.556,188.814,356.624,0.482,0.000,10.280,"Emergency_door_north_door_left from [155.81] to [156.06]",,
1.670,7.772,187.290,356.876,0.450,0.000,10.209,"EndZone_North from [156.06] to [156.20]",,
1.673,6.486,186.959,357.042,0.420,0.000,10.140,"Emergency_door_north_door_right from [156.20] to [157.29]",,
1.673,6.299,187.166,357.242,0.390,0.000,10.073,"EndZone_North from [157.29] to [157.53]",,
1.673,6.338,187.517,357.586,0.360,0.000,10.006,"Emergency_door_north_door_left from [157.53] to [160.03]",,
1.673,6.284,187.641,357.779,0.328,0.000,9.938,,,
1.674,6.195,187.566,358.066,0.287,0.000,9.879,,,
1.673,6.225,187.840,358.075,0.224,0.000,9.853,,,
1.673,6.309,188.210,358.105,0.151,0.000,9.839,,,
1.673,6.299,188.215,358.131,0.082,0.000,9.812,,,
1.673,6.411,188.027,358.187,0.025,0.000,9.760,,,
1.672,6.575,187.819,358.203,-0.019,0.000,9.695,,,
1.672,6.746,187.551,358.349,-0.038,0.000,9.622,,,
1.674,6.830,185.591,359.139,-0.049,0.000,9.545,,,
1.670,7.332,175.247,359.117,-0.044,0.000,9.467,,,
1.663,9.156,152.057,357.069,-0.010,0.000,9.392,,,
1.657,11.308,119.430,355.911,0.045,0.000,9.349,,,
1.645,14.227,89.549,353.256,0.110,0.000,9.342,,,
1.632,14.575,56.726,347.699,0.179,0.000,9.379,,,
1.632,13.098,43.629,347.022,0.231,0.000,9.431,,,
1.630,13.431,39.633,347.804,0.278,0.000,9.489,,,
1.637,12.521,53.743,351.154,0.332,0.000,9.537,,,
1.655,8.259,87.698,356.898,0.395,0.000,9.547,,,
1.668,4.407,121.685,357.889,0.436,0.000,9.500,,,
1.675,3.408,169.924,357.182,0.422,0.000,9.427,,,
1.672,5.044,188.321,358.078,0.376,0.000,9.364,,,
1.676,5.694,193.428,358.733,0.321,0.000,9.312,,,
1.680,4.160,189.239,359.536,0.270,0.000,9.257,,,
1.682,3.024,185.780,359.290,0.226,0.000,9.196,,,
1.685,1.674,183.656,359.606,0.184,0.000,9.135,,,
1.689,359.484,182.717,359.417,0.141,0.000,9.074,,,
1.697,354.918,181.068,359.385,0.101,0.000,9.008,,,
1.699,353.959,180.530,359.493,0.070,0.000,8.938,,,
1.699,353.781,180.824,359.715,0.040,0.000,8.868,,,
1.699,353.937,180.843,0.082,0.014,0.000,8.797,,,
1.698,354.154,180.481,0.656,0.000,0.000,8.726,,,
1.698,354.378,180.500,1.039,0.013,0.000,8.656,,,
1.696,355.111,180.302,1.962,0.039,0.000,8.587,,,
1.694,356.235,178.591,3.937,0.068,0.000,8.516,,,
1.692,357.213,176.768,4.902,0.098,0.000,8.447,,,
1.690,357.463,177.162,5.142,0.128,0.000,8.379,,,
1.690,357.537,178.193,5.166,0.154,0.000,8.311,,,
1.691,357.126,178.837,4.561,0.176,0.000,8.239,,,
1.692,356.416,179.950,3.572,0.196,0.000,8.169,,,
1.694,355.909,181.896,1.914,0.198,0.000,8.096,,,
1.696,355.436,184.475,359.768,0.172,0.000,8.032,,,
1.696,355.527,187.159,358.305,0.139,0.000,7.971,,,
1.696,355.869,188.018,357.480,0.102,0.000,7.910,,,
1.695,356.133,188.799,356.448,0.061,0.000,7.849,,,
1.694,356.665,188.975,356.033,0.023,0.000,7.794,,,
1.693,356.788,188.610,355.794,-0.014,0.000,7.740,,,
1.693,356.652,187.436,356.434,-0.051,0.000,7.682,,,
1.695,355.944,183.442,358.906,-0.030,0.000,7.621,,,
1.696,355.272,179.063,1.308,0.011,0.000,7.568,,,
1.697,355.030,176.380,2.895,0.056,0.000,7.516,,,
1.698,354.666,174.591,4.569,0.082,0.000,7.454,,,
1.699,353.594,174.564,4.726,0.034,0.000,7.402,,,
1.699,353.983,175.802,3.840,-0.024,0.000,7.363,,,
1.697,355.317,178.884,1.892,-0.081,0.000,7.331,,,
1.695,355.971,180.721,359.704,-0.142,0.000,7.300,,,
1.693,356.172,181.589,357.994,-0.204,0.000,7.270,,,
1.693,355.993,181.426,356.793,-0.266,0.000,7.241,,,
1.693,356.332,180.549,355.884,-0.326,0.000,7.210,,,
1.692,356.638,179.412,355.682,-0.376,0.000,7.171,,,
1.692,356.450,178.107,355.464,-0.422,0.000,7.128,,,
1.693,356.276,176.789,355.584,-0.462,0.000,7.080,,,
1.693,355.862,175.186,355.972,-0.495,0.000,7.019,,,
1.695,355.068,173.409,356.574,-0.516,0.000,6.953,,,
1.697,354.046,172.116,357.400,-0.525,0.000,6.886,,,
1.703,350.504,170.883,357.897,-0.521,0.000,6.819,,,
1.708,347.549,170.496,358.552,-0.500,0.000,6.752,,,
1.709,346.727,170.715,359.308,-0.465,0.000,6.695,,,
1.709,347.011,171.212,359.728,-0.425,0.000,6.642,,,
1.700,353.464,172.656,359.791,-0.389,0.000,6.586,,,
1.694,356.984,173.860,359.887,-0.358,0.000,6.528,,,
1.691,359.359,173.909,0.480,-0.326,0.000,6.469,,,
1.684,2.834,172.608,0.699,-0.286,0.000,6.408,,,
1.681,4.451,171.098,0.885,-0.240,0.000,6.349,,,
1.682,5.121,161.861,1.708,-0.193,0.000,6.300,,,
1.677,6.658,134.561,359.411,-0.131,0.000,6.273,,,
1.668,6.658,92.696,355.249,-0.071,0.000,6.289,,,
1.656,5.948,51.278,350.155,-0.038,0.000,6.340,,,
1.653,4.737,36.504,349.281,-0.019,0.000,6.407,,,
1.653,4.396,35.030,351.847,-0.009,0.000,6.485,,,
1.655,4.792,37.389,352.799,0.004,0.000,6.569,,,
1.657,4.931,32.066,354.664,0.013,0.000,6.645,,,
1.658,2.885,15.338,355.068,0.003,0.000,6.725,,,
1.656,1.833,8.138,356.100,-0.053,0.000,6.891,,,
1.657,1.084,4.582,355.386,-0.121,0.000,7.054,,,
1.661,358.809,9.527,355.045,-0.177,0.000,7.209,,,
1.670,357.426,23.064,355.146,-0.204,0.000,7.363,,,
1.683,356.982,74.591,355.715,-0.204,0.000,7.363,,,
1.683,358.867,130.707,355.373,-0.204,0.000,7.363,,,
1.677,2.258,172.687,356.787,-0.204,0.000,7.363,,,
1.673,4.573,193.417,358.021,-0.204,0.000,7.363,,,
1.673,5.163,195.563,358.062,-0.204,0.000,7.363,,,
1.677,4.896,178.542,356.746,-0.204,0.000,7.363,,,
1.677,5.139,160.363,355.068,-0.182,0.000,7.304,,,
1.674,6.421,156.043,356.183,-0.132,0.000,7.200,,,
1.673,7.455,157.093,356.965,-0.093,0.000,7.103,,,
1.674,7.310,156.720,357.561,0.000,0.000,7.036,,,
1.675,7.410,155.082,357.517,0.134,0.000,7.015,,,
1.674,7.669,154.074,357.726,0.264,0.000,6.999,,,
1.674,7.728,154.303,357.767,0.328,0.000,6.992,,,
1.674,7.785,156.895,357.775,0.328,0.000,6.992,,,
1.674,7.306,161.834,357.635,0.325,0.000,6.938,,,
1.674,7.036,163.312,357.377,0.258,0.000,6.838,,,
1.674,7.203,163.314,357.181,0.150,0.000,6.757,,,
1.673,7.577,162.609,357.134,0.102,0.000,6.714,,,
1.672,8.018,157.850,356.811,0.102,0.000,6.714,,,
1.671,8.470,154.011,356.483,0.102,0.000,6.714,,,
1.670,8.914,152.488,356.982,0.102,0.000,6.714,,,
1.668,9.978,151.806,356.980,0.102,0.000,6.714,,,
1.666,11.021,152.645,356.586,0.102,0.000,6.714,,,
1.663,13.122,154.253,356.156,0.102,0.000,6.714,,,
1.661,14.588,155.067,355.695,0.116,0.000,6.594,,,
1.662,14.229,155.422,355.884,0.128,0.000,6.492,,,
1.663,13.885,155.737,356.322,0.135,0.000,6.465,,,
1.665,12.773,155.804,357.252,0.135,0.000,6.465,,,
1.665,12.738,155.513,357.178,0.135,0.000,6.465,,,
1.665,12.607,156.143,357.254,0.135,0.000,6.465,,,
1.666,12.163,156.357,357.148,0.124,0.000,6.404,,,
1.671,9.449,162.078,356.895,0.103,0.000,6.342,,,
1.677,6.416,172.816,357.133,0.067,0.000,6.283,,,
1.680,4.439,180.219,357.274,0.024,0.000,6.233,,,
1.682,3.229,181.962,356.761,-0.021,0.000,6.184,,,
1.682,2.956,181.271,356.922,-0.065,0.000,6.131,,,
1.682,3.032,180.407,357.388,-0.103,0.000,6.076,,,
1.682,3.072,179.423,357.731,-0.140,0.000,6.020,,,
1.681,3.296,178.450,358.033,-0.165,0.000,5.963,,,
1.681,3.585,177.159,358.303,-0.141,0.000,5.905,,,
1.680,3.841,175.181,358.752,-0.097,0.000,5.853,,,
1.680,4.584,163.558,358.365,-0.097,0.000,5.853,,,
1.673,5.887,129.245,354.812,-0.097,0.000,5.853,,,
1.661,4.647,90.012,350.724,-0.097,0.000,5.853,,,
1.651,1.646,57.631,348.166,-0.097,0.000,5.853,,,
1.648,1.193,50.893,348.523,-0.097,0.000,5.853,,,
1.650,1.805,55.826,349.639,-0.097,0.000,5.853,,,
1.654,2.857,64.974,350.272,-0.097,0.000,5.853,,,
1.658,2.575,68.938,350.131,-0.097,0.000,5.853,,,
1.662,1.367,70.757,349.939,-0.097,0.000,5.853,,,
1.669,0.871,83.102,350.247,-0.097,0.000,5.853,,,
1.676,0.716,111.532,351.987,-0.073,0.000,5.839,,,
1.681,0.935,147.658,353.017,-0.045,0.000,5.794,,,
1.683,1.204,175.829,354.344,-0.046,0.000,5.739,,,
1.682,2.063,187.955,356.454,-0.064,0.000,5.689,,,
1.681,2.368,187.405,357.356,-0.083,0.000,5.642,,,
1.682,2.407,182.744,357.690,-0.099,0.000,5.590,,,
1.682,2.350,179.219,358.304,-0.110,0.000,5.531,,,
1.684,1.556,177.542,358.763,-0.118,0.000,5.472,,,
1.690,358.115,175.440,357.929,-0.130,0.000,5.429,,,
1.695,354.761,174.003,357.180,-0.142,0.000,5.389,,,
1.699,352.326,173.355,356.576,-0.146,0.000,5.345,,,
1.703,349.597,173.065,356.498,-0.148,0.000,5.304,,,
1.707,347.132,173.715,356.361,-0.150,0.000,5.260,,,
1.707,347.552,174.819,356.462,-0.157,0.000,5.222,,,
1.705,348.291,174.875,356.832,-0.165,0.000,5.187,,,
1.705,348.320,174.489,357.170,-0.164,0.000,5.142,,,
1.705,348.265,174.325,357.259,-0.159,0.000,5.090,,,
1.705,348.081,173.708,357.544,-0.157,0.000,5.034,,,
1.705,348.329,173.238,357.761,-0.158,0.000,4.978,,,
1.705,348.453,173.014,357.917,-0.160,0.000,4.925,,,
1.705,348.404,172.737,358.088,-0.162,0.000,4.877,,,
1.705,348.429,172.802,358.204,-0.164,0.000,4.828,,,
1.705,348.319,173.033,358.149,-0.165,0.000,4.779,,,
1.705,348.174,173.187,358.124,-0.165,0.000,4.727,,,
1.705,348.162,173.266,358.131,-0.165,0.000,4.676,,,
1.705,348.133,173.374,358.041,-0.165,0.000,4.624,,,
1.706,347.932,173.789,357.936,-0.162,0.000,4.574,,,
1.706,347.704,173.765,357.819,-0.157,0.000,4.525,,,
1.706,347.761,173.701,357.819,-0.149,0.000,4.479,,,
1.706,347.602,173.598,357.654,-0.139,0.000,4.429,,,
1.707,347.327,173.605,357.549,-0.128,0.000,4.380,,,
1.707,347.022,173.452,357.584,-0.117,0.000,4.329,,,
1.709,346.073,173.492,357.316,-0.106,0.000,4.278,,,
1.709,345.925,173.599,357.288,-0.096,0.000,4.228,,,
1.709,346.031,173.438,357.412,-0.086,0.000,4.178,,,
1.709,346.050,173.385,357.416,-0.076,0.000,4.130,,,
1.709,346.295,173.569,357.415,-0.066,0.000,4.080,,,
1.705,348.219,174.610,357.439,-0.059,0.000,4.030,,,
1.703,349.363,175.574,357.531,-0.052,0.000,3.971,,,
1.703,349.472,175.411,357.542,-0.047,0.000,3.920,,,
1.703,349.513,175.078,357.500,-0.041,0.000,3.870,,,
1.702,349.690,174.596,357.580,-0.035,0.000,3.817,,,
1.702,349.998,174.088,357.636,-0.027,0.000,3.758,,,
1.701,350.342,174.072,357.528,-0.027,0.000,3.700,,,
1.701,350.573,174.398,357.355,-0.055,0.000,3.646,,,
1.700,350.718,174.750,357.237,-0.083,0.000,3.596,,,
1.700,350.840,175.161,357.175,-0.105,0.000,3.540,,,
1.700,350.903,175.344,357.189,-0.116,0.000,3.480,,,
1.700,351.008,175.486,357.240,-0.110,0.000,3.423,,,
1.700,351.124,175.329,357.427,-0.100,0.000,3.367,,,
1.700,351.137,175.212,357.507,-0.089,0.000,3.311,,,
1.700,350.967,175.043,357.692,-0.077,0.000,3.250,,,
1.700,350.765,174.909,357.771,-0.066,0.000,3.193,,,
1.700,350.818,174.935,357.829,-0.057,0.000,3.134,,,
1.700,350.926,175.283,357.770,-0.063,0.000,3.077,,,
1.700,350.825,175.492,357.720,-0.074,0.000,3.019,,,
1.700,350.758,175.640,357.648,-0.086,0.000,2.960,,,
1.701,350.651,176.256,357.434,-0.095,0.000,2.903,,,
1.701,350.523,176.435,357.317,-0.091,0.000,2.844,,,
1.701,350.365,174.438,357.123,-0.073,0.000,2.793,,,
1.700,350.750,170.123,356.731,-0.045,0.000,2.747,,,
1.700,350.492,168.315,356.917,0.001,0.000,2.707,,,
1.699,351.179,168.098,356.995,0.049,0.000,2.673,,,
1.698,351.726,168.831,356.697,0.094,0.000,2.638,,,
1.697,352.264,170.403,356.969,0.119,0.000,2.593,,,
1.697,352.381,172.016,357.001,0.104,0.000,2.540,,,
1.698,352.081,176.873,356.774,0.076,0.000,2.492,,,
1.697,352.187,185.151,357.005,0.042,0.000,2.448,,,
1.696,352.743,189.440,356.999,0.003,0.000,2.410,,,
1.693,353.872,196.330,357.038,-0.040,0.000,2.374,,,
1.691,354.557,198.931,357.740,-0.087,0.000,2.338,,,
1.689,355.597,200.828,358.546,-0.128,0.000,2.309,,,
1.687,356.334,200.922,359.190,-0.141,0.000,2.264,,,
1.686,356.913,200.667,359.875,-0.131,0.000,2.218,,,
1.685,357.335,200.519,0.332,-0.103,0.000,2.173,,,
1.684,357.784,200.451,0.922,-0.060,0.000,2.134,,,
1.684,357.824,201.258,1.125,-0.022,0.000,2.098,,,
1.683,357.771,203.618,1.689,0.029,0.000,2.044,,,
1.683,357.825,204.848,2.029,0.064,0.000,2.004,,,
1.682,357.963,206.510,2.430,0.096,0.000,1.964,,,
1.681,358.143,209.489,3.126,0.127,0.000,1.923,,,
1.678,358.617,213.602,3.994,0.155,0.000,1.881,,,
1.674,359.107,218.095,5.472,0.172,0.000,1.815,,,
1.662,0.020,224.117,8.391,0.154,0.000,1.759,,,
1.653,0.286,225.949,10.008,0.128,0.000,1.704,,,
1.638,0.701,226.819,11.932,0.100,0.000,1.649,,,
1.614,1.739,226.656,14.241,0.071,0.000,1.593,,,
1.607,2.087,227.560,14.867,0.042,0.000,1.540,,,
1.603,2.032,228.364,15.454,0.012,0.000,1.486,,,
1.601,1.729,230.638,16.274,-0.020,0.000,1.431,,,
1.603,0.430,237.219,17.650,-0.053,0.000,1.380,,,
1.612,357.586,243.479,18.278,-0.073,0.000,1.319,,,
1.621,358.704,238.263,17.217,-0.084,0.000,1.273,,,
1.638,1.814,219.242,11.653,-0.083,0.000,1.208,,,
1.649,4.446,186.318,3.882,-0.045,0.000,1.151,,,
1.650,5.091,161.586,357.276,0.008,0.000,1.129,,,
1.663,1.953,122.618,352.587,0.061,0.000,1.137,,,
1.665,1.556,109.327,351.647,0.109,0.000,1.164,,,
1.664,1.286,78.046,350.698,0.142,0.000,1.211,,,
1.659,1.578,59.205,348.543,0.165,0.000,1.274,,,
1.648,1.413,38.902,346.589,0.159,0.000,1.352,,,
1.646,359.832,30.318,346.365,0.168,0.000,1.413,,,
1.648,358.608,31.659,347.587,0.225,0.000,1.421,,,
1.655,358.526,48.368,349.456,0.291,0.000,1.373,,,
1.669,356.625,79.394,351.239,0.318,0.000,1.301,,,
1.675,356.685,106.776,350.488,0.324,0.000,1.243,,,
1.677,357.727,114.253,350.762,0.333,0.000,1.188,,,
1.678,357.815,114.144,351.464,0.353,0.000,1.138,,,
1.680,358.537,112.202,352.846,0.383,0.000,1.094,,,
1.679,359.275,111.414,353.505,0.413,0.000,1.043,,,
1.679,359.783,110.590,354.043,0.428,0.000,0.989,,,
1.679,359.834,109.976,354.050,0.426,0.000,0.935,,,
1.678,0.058,109.188,354.174,0.414,0.000,0.891,,,
1.678,0.049,108.202,354.181,0.411,0.000,0.844,,,
1.679,359.864,107.685,354.209,0.429,0.000,0.798,,,
1.678,359.861,107.180,354.011,0.464,0.000,0.752,,,
1.678,359.904,106.882,354.000,0.504,0.000,0.714,,,
1.678,0.026,106.684,354.027,0.548,0.000,0.679,,,
1.677,0.308,106.463,353.868,0.597,0.000,0.644,,,
1.677,0.410,106.404,353.881,0.644,0.000,0.612,,,
1.677,0.519,105.952,353.971,0.689,0.000,0.584,,,
1.677,0.476,105.661,354.123,0.739,0.000,0.567,,,
1.677,0.400,105.436,354.126,0.790,0.000,0.569,,,
1.677,0.155,104.955,354.330,0.844,0.000,0.582,,,
1.677,0.053,104.910,354.361,0.896,0.000,0.596,,,
1.677,0.033,104.870,354.404,0.952,0.000,0.611,,,
1.677,0.104,104.853,354.380,0.988,0.000,0.591,,,
1.677,0.177,104.827,354.365,0.994,0.000,0.531,,,
1.676,0.292,104.824,354.219,0.996,0.000,0.475,,,
1.676,0.360,104.802,354.170,0.997,0.000,0.420,,,
1.676,0.517,104.599,353.991,0.999,0.000,0.365,,,
1.676,0.602,104.354,354.062,1.002,0.000,0.308,,,
1.676,0.491,103.381,354.372,1.010,0.000,0.247,,,
1.676,0.406,102.039,354.761,1.022,0.000,0.194,,,
1.676,0.395,100.983,355.109,1.044,0.000,0.144,,,
1.676,0.424,98.305,355.773,1.081,0.000,0.103,,,
1.676,1.060,96.331,356.372,1.129,0.000,0.066,,,
1.675,1.852,94.827,356.758,1.180,0.000,0.036,,,
1.670,4.559,91.473,357.528,1.232,0.000,0.012,,,
1.669,5.411,90.497,357.880,1.288,0.000,-0.010,,,
1.667,6.361,88.922,358.757,1.344,0.000,-0.029,,,
1.667,6.355,88.284,359.100,1.403,0.000,-0.048,,,
1.668,6.318,88.052,359.252,1.457,0.000,-0.061,,,
1.668,6.293,87.403,359.785,1.511,0.000,-0.061,,,
1.668,6.318,87.214,359.897,1.563,0.000,-0.051,,,
1.668,6.397,86.914,0.158,1.612,0.000,-0.017,,,
1.667,6.551,86.929,0.144,1.650,0.000,0.024,,,
1.666,7.107,87.417,0.010,1.686,0.000,0.062,,,
1.665,7.443,87.720,359.853,1.724,0.000,0.099,,,
1.663,8.893,88.505,359.554,1.765,0.000,0.128,,,
1.658,11.361,89.155,359.291,1.810,0.000,0.148,,,
1.652,13.955,90.001,359.223,1.858,0.000,0.166,,,
1.650,15.041,90.508,359.154,1.907,0.000,0.183,,,
1.649,15.795,91.027,359.086,1.955,0.000,0.199,,,
1.649,15.771,91.117,359.093,2.003,0.000,0.216,,,
1.649,15.807,91.247,359.032,2.048,0.000,0.231,,,
1.648,15.854,91.378,359.128,2.095,0.000,0.238,,,
1.648,15.952,91.466,359.171,2.146,0.000,0.217,,,
1.647,16.179,91.564,359.158,2.190,0.000,0.183,,,
1.647,16.283,91.485,359.211,2.230,0.000,0.145,,,
1.647,16.298,91.435,359.259,2.271,0.000,0.101,,,
1.647,16.594,91.411,359.297,2.309,0.000,0.062,,,
1.647,16.639,91.359,359.343,2.355,0.000,0.027,,,
1.649,15.605,91.036,359.467,2.402,0.000,-0.004,,,
1.652,13.888,90.598,359.450,2.450,0.000,-0.030,,,
1.657,10.911,89.881,359.560,2.497,0.000,-0.051,,,
1.664,6.883,89.122,359.852,2.546,0.000,-0.071,,,
1.673,1.808,88.236,0.054,2.595,0.000,-0.091,,,
1.676,0.285,88.090,0.316,2.646,0.000,-0.111,,,
1.677,359.834,88.069,0.556,2.693,0.000,-0.114,,,
1.678,359.121,88.053,0.813,2.723,0.000,-0.076,,,
1.678,359.018,88.208,0.807,2.752,0.000,-0.035,,,
1.678,358.971,88.361,0.818,2.780,0.000,0.005,,,
1.677,359.085,88.553,0.684,2.804,0.000,0.049,,,
1.677,359.208,88.895,0.508,2.820,0.000,0.099,,,
1.677,359.308,89.604,0.145,2.837,0.000,0.151,,,
1.678,359.210,90.071,359.830,2.856,0.000,0.200,,,
1.678,359.136,90.500,359.557,2.878,0.000,0.249,,,
1.678,359.110,90.734,359.460,2.899,0.000,0.292,,,
1.679,359.023,91.020,359.382,2.930,0.000,0.322,,,
1.679,359.166,91.289,359.332,2.964,0.000,0.338,,,
1.679,359.163,91.176,359.289,3.001,0.000,0.336,,,
1.679,359.189,91.089,359.248,3.040,0.000,0.334,,,
1.679,359.279,91.122,359.281,3.079,0.000,0.331,,,
1.679,359.338,91.194,359.195,3.120,0.000,0.328,,,
1.679,359.468,91.242,359.198,3.160,0.000,0.325,,,
1.678,359.650,91.237,359.168,3.200,0.000,0.323,,,
1.678,359.742,91.186,359.267,3.243,0.000,0.321,,,
1.677,0.106,90.863,359.442,3.282,0.000,0.320,,,
1.676,0.687,89.852,359.595,3.323,0.000,0.319,,,
1.676,1.368,85.906,0.240,3.367,0.000,0.320,,,
1.673,2.762,75.628,0.698,3.411,0.000,0.331,,,
1.662,4.822,35.530,357.400,3.447,0.000,0.368,,,
1.652,5.686,7.624,354.719,3.463,0.000,0.436,,,
1.647,5.983,352.777,355.474,3.457,0.000,0.507,,,
1.649,4.560,339.246,356.685,3.435,0.000,0.573,,,
1.647,5.673,336.118,359.054,3.400,0.000,0.645,,,
1.653,4.806,10.871,0.452,3.398,0.000,0.719,,,
1.665,2.098,62.896,0.815,3.505,0.000,0.808,,,
1.667,3.384,98.267,358.810,3.610,0.000,0.752,,,
1.667,5.040,102.781,358.295,3.698,0.000,0.679,,,
1.667,5.451,102.945,358.041,3.768,0.000,0.617,,,
1.667,6.147,102.431,357.450,3.837,0.000,0.567,,,
1.666,6.357,101.341,357.518,3.908,0.000,0.536,,,
1.666,6.385,99.615,357.918,4.009,0.000,0.531,,,
1.666,6.452,97.298,358.449,4.102,0.000,0.626,,,
1.666,6.539,97.102,358.591,4.159,0.000,0.708,,,
1.667,6.490,97.627,358.737,4.260,0.000,0.745,,,
1.667,6.454,98.546,358.701,4.339,0.000,0.683,,,
1.668,6.433,100.419,358.493,4.425,0.000,0.565,,,
1.668,6.325,100.466,358.283,4.485,0.000,0.430,,,
1.668,6.267,100.009,358.287,4.542,0.000,0.348,,,
1.668,6.059,99.238,358.516,4.626,0.000,0.328,,,
1.670,5.428,97.490,358.896,4.735,0.000,0.401,,,
1.671,4.799,96.403,359.146,4.828,0.000,0.517,,,
1.672,4.250,96.454,359.262,4.932,0.000,0.585,,,
1.678,0.903,96.926,358.976,5.052,0.000,0.578,,,
1.686,355.940,96.975,358.696,5.177,0.000,0.553,,,
1.693,351.551,96.937,358.376,5.301,0.000,0.526,,,
1.695,349.645,97.138,358.121,5.422,0.000,0.487,,,
1.695,349.952,97.111,358.121,5.543,0.000,0.445,,,
1.695,349.659,96.714,358.179,5.650,0.000,0.407,,,
1.695,349.580,96.578,358.331,5.758,0.000,0.368,,,
1.696,349.548,96.161,358.630,5.867,0.000,0.329,,,
1.695,349.820,95.837,358.860,5.980,0.000,0.291,,,
1.693,351.831,95.453,359.292,6.082,0.000,0.256,,,
1.685,357.090,95.064,359.286,6.194,0.000,0.219,,,
1.682,358.754,94.375,359.559,6.306,0.000,0.184,,,
1.682,358.982,94.520,359.461,6.415,0.000,0.149,,,
1.682,359.272,94.468,359.456,6.517,0.000,0.118,,,
1.681,359.321,94.306,359.426,6.621,0.000,0.086,,,
1.681,359.463,94.293,359.549,6.725,0.000,0.056,,,
1.681,359.565,94.023,359.722,6.838,0.000,0.023,,,
1.681,359.765,93.728,359.754,6.939,0.000,0.026,,,
1.680,0.129,93.458,359.858,7.043,0.000,0.053,,,
1.679,0.444,93.465,359.889,7.139,0.000,0.095,,,
1.679,0.857,93.595,359.883,7.234,0.000,0.145,,,
1.678,1.227,93.715,359.874,7.327,0.000,0.194,,,
1.676,2.100,93.796,359.722,7.422,0.000,0.244,,,
1.675,2.886,93.974,359.747,7.520,0.000,0.294,,,
1.671,5.121,94.449,359.709,7.621,0.000,0.316,,,
1.666,7.972,95.191,359.712,7.730,0.000,0.281,,,
1.661,10.795,96.053,359.676,7.830,0.000,0.218,,,
1.656,13.401,96.253,359.678,7.924,0.000,0.133,,,
1.651,15.996,95.900,359.575,8.029,0.000,0.040,,,
1.647,17.855,95.319,359.550,8.130,0.000,-0.048,,,
1.645,18.903,94.758,359.725,8.231,0.000,-0.132,,,
1.644,19.509,94.170,359.934,8.334,0.000,-0.170,,,
1.644,19.431,93.256,0.291,8.436,0.000,-0.151,,,
1.645,19.056,92.019,0.713,8.529,0.000,-0.096,,,
1.643,19.672,91.991,0.984,8.611,0.000,-0.026,,,
1.643,19.815,92.277,1.073,8.694,0.000,0.045,,,
1.642,20.139,92.480,1.041,8.777,0.000,0.115,,,
1.641,20.646,92.852,1.054,8.865,0.000,0.173,,,
1.641,20.901,92.907,0.864,8.952,0.000,0.220,,,
1.640,21.248,93.030,0.790,9.040,0.000,0.265,,,
1.640,20.949,93.205,0.648,9.125,0.000,0.307,,,
1.644,18.964,93.413,0.689,9.211,0.000,0.333,,,
1.653,14.162,94.096,0.864,9.302,0.000,0.330,,,
1.660,10.173,94.738,1.130,9.386,0.000,0.327,,,
1.671,4.502,95.695,1.084,9.470,0.000,0.320,,,
1.685,357.109,95.915,1.127,9.552,0.000,0.293,,,
1.688,355.331,95.710,1.537,9.634,0.000,0.266,,,
1.694,350.680,94.531,3.427,9.709,0.000,0.242,,,
1.698,348.417,93.298,3.895,9.786,0.000,0.220,,,
1.704,342.926,92.092,5.138,9.863,0.000,0.200,,,
1.703,343.496,92.314,4.998,9.938,0.000,0.180,,,
1.702,343.489,92.654,5.194,10.010,0.000,0.160,,,
1.701,343.983,92.120,5.348,10.081,0.000,0.147,,,
1.700,344.516,90.723,5.815,10.156,0.000,0.179,,,
1.700,344.623,89.637,6.183,10.209,0.000,0.255,,,
1.699,345.221,89.198,6.088,10.253,0.000,0.340,,,
1.698,345.474,89.649,6.029,10.298,0.000,0.432,,,
1.697,346.075,91.480,5.612,10.345,0.000,0.524,,,
1.697,346.238,93.165,5.226,10.410,0.000,0.588,,,
1.696,346.920,96.277,4.449,10.498,0.000,0.585,,,
1.696,347.287,97.629,3.964,10.584,0.000,0.579,,,
1.694,348.267,99.667,2.951,10.672,0.000,0.570,,,
1.694,348.394,99.428,2.911,10.763,0.000,0.560,,,
1.694,348.566,99.328,2.736,10.859,0.000,0.550,,,
1.694,348.846,99.170,2.632,10.954,0.000,0.540,,,
1.694,348.882,99.108,2.579,11.049,0.000,0.529,,,
1.694,348.980,99.226,2.489,11.147,0.000,0.517,,,
1.694,348.952,99.240,2.621,11.242,0.000,0.506,,,
1.694,349.072,99.193,2.712,11.340,0.000,0.495,,,
1.693,349.230,99.107,2.921,11.431,0.000,0.485,,,
1.693,349.465,98.952,2.979,11.528,0.000,0.475,,,
1.693,349.665,98.721,3.339,11.620,0.000,0.466,,,
1.692,349.788,98.703,3.312,11.705,0.000,0.459,,,
1.692,350.112,98.868,3.287,11.790,0.000,0.452,,,
1.692,350.205,99.038,3.274,11.875,0.000,0.446,,,
1.691,350.317,99.111,3.227,11.959,0.000,0.440,,,
1.691,350.548,99.239,3.180,12.044,0.000,0.433,,,
1.691,350.673,99.358,3.141,12.129,0.000,0.427,,,
1.691,350.753,99.313,3.105,12.211,0.000,0.422,,,
1.690,350.982,99.359,3.178,12.292,0.000,0.416,,,
1.689,351.526,99.293,3.273,12.376,0.000,0.409,,,
1.689,352.472,99.156,3.366,12.454,0.000,0.398,,,
1.692,351.346,98.555,3.836,12.539,0.000,0.387,,,
1.692,351.799,99.551,2.988,12.618,0.000,0.376,,,
1.689,354.347,100.996,2.496,12.693,0.000,0.364,,,
1.685,356.481,101.505,2.222,12.776,0.000,0.350,,,
1.682,357.602,101.190,2.034,12.858,0.000,0.337,,,
1.681,358.293,100.520,1.941,12.936,0.000,0.326,,,
1.681,358.769,100.784,1.929,13.019,0.000,0.315,,,
1.680,359.340,100.759,1.924,13.102,0.000,0.303,,,
1.679,359.798,100.711,1.850,13.178,0.000,0.294,,,
1.678,0.454,100.788,1.898,13.256,0.000,0.289,,,
1.677,0.924,100.803,1.989,13.339,0.000,0.286,,,
1.677,1.167,101.164,1.825,13.419,0.000,0.283,,,
1.677,1.077,101.949,1.704,13.502,0.000,0.278,,,
1.677,1.241,102.868,1.611,13.585,0.000,0.272,,,
1.676,1.456,103.747,1.566,13.661,0.000,0.258,,,
1.677,1.228,104.195,1.581,13.730,0.000,0.234,,,
1.678,0.581,104.569,1.366,13.804,0.000,0.235,,,
1.678,0.290,104.992,1.479,13.873,0.000,0.281,,,
1.679,0.050,105.371,1.484,13.946,0.000,0.377,,,
1.679,0.024,105.791,1.493,13.999,0.000,0.466,,,
1.679,359.901,106.533,1.474,14.049,0.000,0.547,,,
1.680,359.611,107.397,1.444,14.108,0.000,0.610,,,
1.680,359.413,108.497,1.306,14.173,0.000,0.665,,,
1.680,359.373,109.732,1.120,14.240,0.000,0.706,,,
1.680,359.431,110.808,0.989,14.311,0.000,0.730,,,
1.680,359.438,112.046,0.829,14.382,0.000,0.745,,,
1.680,359.480,112.886,0.589,14.448,0.000,0.753,,,
1.680,359.484,113.925,0.417,14.515,0.000,0.758,,,
1.680,359.533,115.048,0.295,14.585,0.000,0.761,,,
1.680,359.541,116.510,359.915,14.685,0.000,0.756,,,
1.680,359.550,117.915,359.597,14.768,0.000,0.741,,,
1.680,359.607,119.381,359.446,14.857,0.000,0.716,,,
1.680,359.648,120.403,359.294,14.939,0.000,0.687,,,
1.680,359.623,120.808,359.225,15.021,0.000,0.656,,,
1.680,359.652,121.059,359.255,15.111,0.000,0.623,,,
1.680,359.634,121.371,359.300,15.199,0.000,0.606,,,
1.680,359.649,122.103,359.336,15.299,0.000,0.603,,,
1.679,359.737,122.791,359.324,15.402,0.000,0.598,,,
1.679,359.704,123.479,359.105,15.505,0.000,0.593,,,
1.680,359.524,125.675,358.867,15.606,0.000,0.583,,,
1.679,359.709,127.370,358.733,15.708,0.000,0.565,,,
1.679,359.944,129.654,358.432,15.807,0.000,0.543,,,
1.678,0.227,132.122,358.097,15.917,0.000,0.513,,,
1.677,0.813,135.301,357.772,16.016,0.000,0.479,,,
1.676,1.141,137.324,357.596,16.112,0.000,0.441,,,
1.676,1.505,139.220,357.322,16.194,0.000,0.392,,,
1.675,1.829,141.303,357.045,16.246,0.000,0.302,,,
1.674,2.276,144.150,356.674,16.248,0.000,0.199,,,
1.673,2.726,145.218,356.546,16.223,0.000,0.095,,,
1.674,2.832,144.785,356.749,16.188,0.000,-0.019,,,
1.674,3.055,143.503,356.957,16.160,0.000,-0.121,,,
1.673,3.806,141.865,357.195,16.203,0.000,-0.187,,,
1.673,4.737,139.984,357.573,16.310,0.000,-0.196,,,
1.674,6.215,137.668,358.017,16.411,0.000,-0.167,,,
1.683,2.296,135.534,356.752,16.502,0.000,-0.114,,,
1.682,1.114,137.020,357.212,16.598,0.000,-0.061,,,
1.680,1.652,139.028,357.900,16.692,0.000,-0.018,,,
1.679,2.003,141.963,357.567,16.800,0.000,0.022,,,
1.678,2.501,149.265,356.201,16.906,0.000,0.048,,,
1.676,3.951,158.542,355.134,17.005,0.000,0.090,,,
1.671,5.496,170.989,353.964,17.080,0.000,0.180,,,
1.663,8.249,189.228,353.886,17.080,0.000,0.180,,,
1.655,10.764,204.272,354.424,17.114,0.000,0.216,,,
1.653,11.737,213.627,355.138,17.207,0.000,0.293,,,
1.655,11.028,229.126,356.101,17.315,0.000,0.372,,,
1.654,10.696,242.407,357.939,17.453,0.000,0.432,,,
1.654,10.551,250.401,358.903,17.453,0.000,0.432,,,
1.655,9.765,252.489,359.261,17.383,0.000,0.415,,,
1.655,9.410,251.722,359.556,17.276,0.000,0.406,,,
1.658,8.773,247.244,359.271,17.139,0.000,0.377,,,
1.664,7.184,227.460,357.033,17.032,0.000,0.297,,,
1.671,6.142,201.902,356.859,17.045,0.000,0.190,,,
1.672,7.191,188.495,357.768,17.100,0.000,0.116,,,
1.671,7.960,183.653,358.624,17.193,0.000,0.024,,,
1.671,9.310,181.906,358.830,17.287,0.000,-0.062,,,
1.670,10.273,184.731,358.873,17.363,0.000,-0.153,,,
1.669,10.866,187.754,358.929,17.432,0.000,-0.247,,,
1.667,11.817,189.891,359.317,17.500,0.000,-0.354,,,
1.667,12.033,191.081,359.082,17.565,0.000,-0.370,,,
1.667,12.139,191.916,358.453,17.628,0.000,-0.370,,,
1.667,12.004,192.934,357.844,17.659,0.000,-0.370,,,
1.666,12.336,194.219,357.855,17.570,0.000,-0.382,,,
1.665,12.608,195.945,358.000,17.450,0.000,-0.390,,,
1.665,12.847,196.583,358.118,17.360,0.000,-0.391,,,
1.664,13.101,195.164,358.217,17.236,0.000,-0.391,,,
1.664,13.338,193.542,358.602,17.114,0.000,-0.391,,,
1.664,13.675,192.345,359.115,16.992,0.000,-0.391,,,
1.661,14.671,189.341,0.124,16.956,0.000,-0.391,,,
1.657,17.003,187.121,0.457,16.956,0.000,-0.391,,,
1.654,18.486,185.016,0.749,16.956,0.000,-0.391,,,
1.648,20.964,182.446,1.108,16.956,0.000,-0.391,,,
1.643,23.671,180.932,1.456,16.956,0.000,-0.391,,,
1.636,26.860,180.738,2.187,16.956,0.000,-0.391,,,
1.625,31.988,179.942,2.664,16.956,0.000,-0.391,,,
1.612,37.049,177.569,2.076,16.956,0.000,-0.391,,,
1.605,39.511,174.378,0.494,16.956,0.000,-0.391,,,
1.601,41.224,172.723,359.596,16.956,0.000,-0.391,,,
1.598,42.494,172.642,0.121,16.956,0.000,-0.391,,,
1.597,42.788,172.923,0.749,16.956,0.000,-0.391,,,
1.593,44.028,172.431,0.903,16.956,0.000,-0.391,,,
1.591,44.834,171.847,1.243,16.956,0.000,-0.391,,,
1.590,45.341,171.437,1.862,16.956,0.000,-0.391,,,
1.590,44.840,171.041,2.856,16.956,0.000,-0.391,,,
1.591,43.912,168.571,3.835,16.956,0.000,-0.391,,,
1.587,44.484,165.423,3.671,17.076,0.000,-0.380,,,
1.586,44.878,164.214,3.876,17.119,0.000,-0.450,,,
1.588,44.662,165.695,4.062,17.096,0.000,-0.490,,,
1.591,43.016,169.556,3.636,17.081,0.000,-0.507,,,
1.600,41.203,175.587,3.269,17.081,0.000,-0.507,,,
1.603,40.298,177.658,3.170,17.081,0.000,-0.507,,,
1.603,39.700,179.682,4.440,17.081,0.000,-0.507,,,
1.604,39.184,181.853,3.621,17.081,0.000,-0.507,,,
1.604,38.427,184.264,5.514,17.081,0.000,-0.507,,,
1.604,37.824,187.465,5.989,17.081,0.000,-0.507,,,
1.604,37.240,190.193,7.376,17.081,0.000,-0.507,,,
1.606,36.260,192.290,7.925,17.081,0.000,-0.507,,,
1.607,35.955,191.755,7.169,17.081,0.000,-0.507,,,
1.607,36.118,191.717,7.208,17.081,0.000,-0.507,,,
1.606,36.959,190.722,7.652,17.081,0.000,-0.507,,,
1.605,37.855,187.571,6.805,17.081,0.000,-0.507,,,
1.603,38.600,184.171,5.225,17.081,0.000,-0.507,,,
1.601,39.651,184.130,5.840,17.081,0.000,-0.507,,,
1.601,39.600,183.722,6.428,17.081,0.000,-0.507,,,
1.602,39.325,182.546,6.309,17.104,0.000,-0.596,,,
1.603,38.847,181.213,6.212,17.128,0.000,-0.690,,,
1.604,38.340,179.975,5.981,17.154,0.000,-0.784,,,
1.605,37.939,179.541,5.641,17.178,0.000,-0.873,,,
1.606,37.461,180.033,5.527,17.200,0.000,-0.964,,,
1.609,35.776,180.664,5.034,17.221,0.000,-1.050,,,
1.613,33.820,181.570,4.631,17.241,0.000,-1.138,,,
1.615,32.726,183.052,4.522,17.256,0.000,-1.220,,,
1.617,31.961,184.389,4.630,17.270,0.000,-1.308,,,
1.621,30.227,184.799,3.845,17.242,0.000,-1.387,,,
1.625,28.824,185.225,3.418,17.146,0.000,-1.431,,,
1.629,27.073,186.602,2.714,17.022,0.000,-1.437,,,
1.632,25.751,187.258,2.203,16.896,0.000,-1.434,,,
1.636,23.467,186.260,1.038,16.770,0.000,-1.453,,,
